Time,Rack,Treatment,Side,TillerPhotoRank,Tiller,Score,Type,dupTreatment,Notes
6,1,No Shelter,F,1,1,3,,,
6,1,No Shelter,F,2,2,2,,,
6,1,No Shelter,F,3,3,2,,,
6,1,No Shelter,F,4,4,2,,,
6,1,No Shelter,F,5,5,1,,,
6,1,No Shelter,F,6,6,2,,,
6,1,No Shelter,F,7,7,2,,,
6,1,No Shelter,F,8,8,2,,,No bleaching but two large cracks 
6,1,No Shelter,F,9,9,1,,,
6,1,No Shelter,F,10,10,2,,,"No bleaching, two large cracks "
6,1,No Shelter,B,1,1,1,,,
6,1,No Shelter,B,2,2,1,,,
6,1,No Shelter,B,3,3,1,,,
6,1,No Shelter,B,4,4,2,,,no bleaching but one very large crack
6,1,No Shelter,B,5,5,1,,,
6,1,No Shelter,B,6,6,2,,,
6,1,No Shelter,B,7,7,2,,,
6,1,No Shelter,B,8,8,1,,,
6,1,No Shelter,B,9,9,1,,,
6,1,No Shelter,B,10,10,1,,,
6,2,UVpass,F,1,1,3,,,
6,2,UVpass,F,2,2,2,,,
6,2,UVpass,F,3,3,1,,,
6,2,UVpass,F,4,4,1,,,
6,2,UVpass,F,5,5,3,,,
6,2,UVpass,F,6,6,1,,,
6,2,UVpass,F,7,7,2,,,
6,2,UVpass,F,8,8,2,,,
6,2,UVpass,F,9,9,1,,,
6,2,UVpass,F,10,10,3,,,
6,2,UVpass,B,1,1,2,,,
6,2,UVpass,B,2,2,2,,,
6,2,UVpass,B,3,3,1,,,
6,2,UVpass,B,4,4,1,,,
6,2,UVpass,B,5,5,1,,,
6,2,UVpass,B,6,6,1,,,
6,2,UVpass,B,7,7,1,,,
6,2,UVpass,B,8,8,1,,,
6,2,UVpass,B,9,9,1,,,
6,2,UVpass,B,10,10,1,,,
6,3,UVblock,F,1,1,2,,,
6,3,UVblock,F,2,2,2,,,
6,3,UVblock,F,3,3,2,,,
6,3,UVblock,F,4,4,1,,,
6,3,UVblock,F,5,5,1,,,
6,3,UVblock,F,6,6,2,,,
6,3,UVblock,F,7,7,3,,,
6,3,UVblock,F,8,8,2,,,
6,3,UVblock,F,9,9,2,,,
6,3,UVblock,F,10,10,1,,,
6,3,UVblock,B,1,1,3,,,
6,3,UVblock,B,2,2,2,,,
6,3,UVblock,B,3,3,1,,,
6,3,UVblock,B,4,4,1,,,
6,3,UVblock,B,5,5,2,,,
6,3,UVblock,B,6,6,1,,,
6,3,UVblock,B,7,7,2,,,"no bleaching, one large crack"
6,3,UVblock,B,8,8,2,,,
6,3,UVblock,B,9,9,3,,,
6,3,UVblock,B,10,10,1,,,
6,4,Shade,F,1,1,1,,,
6,4,Shade,F,2,2,1,,,
6,4,Shade,F,3,3,1,,,
6,4,Shade,F,4,4,1,,,
6,4,Shade,F,5,5,1,,,
6,4,Shade,F,6,6,1,,,
6,4,Shade,F,7,7,2,,,
6,4,Shade,F,8,8,3,,,
6,4,Shade,F,9,9,1,,,
6,4,Shade,F,10,10,3,,,
6,4,Shade,B,1,1,2,,,
6,4,Shade,B,2,2,1,,,
6,4,Shade,B,3,3,1,,,
6,4,Shade,B,4,4,1,,,
6,4,Shade,B,5,5,2,,,
6,4,Shade,B,6,6,1,,,
6,4,Shade,B,7,7,1,,,
6,4,Shade,B,8,8,1,,,
6,4,Shade,B,9,9,1,,,
6,4,Shade,B,10,10,2,,,
6,5,UVblock,F,1,1,3,,,
6,5,UVblock,F,2,2,1,,,
6,5,UVblock,F,3,3,2,,,
6,5,UVblock,F,4,4,2,,,no bleaching but large crack
6,5,UVblock,F,5,5,2,,,
6,5,UVblock,F,6,6,1,,,
6,5,UVblock,F,7,7,1,,,
6,5,UVblock,F,8,8,2,,,
6,5,UVblock,F,9,9,4,,,
6,5,UVblock,F,10,10,1,,,
6,5,UVblock,B,1,1,3,,,
6,5,UVblock,B,2,2,3,,,
6,5,UVblock,B,3,3,1,,,
6,5,UVblock,B,4,4,2,,,"large crack, mostly unbleached"
6,5,UVblock,B,5,5,2,,,
6,5,UVblock,B,6,6,2,,,
6,5,UVblock,B,7,7,1,,,
6,5,UVblock,B,8,8,2,,,
6,5,UVblock,B,9,9,1,,,
6,5,UVblock,B,10,10,2,,,
6,6,UVblock,F,1,1,3,,,
6,6,UVblock,F,2,2,1,,,
6,6,UVblock,F,3,3,3,,,
6,6,UVblock,F,4,4,1,,,
6,6,UVblock,F,5,5,1,,,
6,6,UVblock,F,6,6,1,,,
6,6,UVblock,F,7,7,1,,,
6,6,UVblock,F,8,8,1,,,
6,6,UVblock,F,9,9,2,,,
6,6,UVblock,F,10,10,1,,,
6,6,UVblock,B,1,1,3,,,
6,6,UVblock,B,2,2,2,,,
6,6,UVblock,B,3,3,2,,,
6,6,UVblock,B,4,4,1,,,
6,6,UVblock,B,5,5,3,,,
6,6,UVblock,B,6,6,1,,,
6,6,UVblock,B,7,7,1,,,one large hole
6,6,UVblock,B,8,8,1,,,
6,6,UVblock,B,9,9,1,,,
6,6,UVblock,B,10,10,1,,,
6,7,No Shelter,F,1,1,1,,,
6,7,No Shelter,F,2,2,2,,,
6,7,No Shelter,F,3,3,1,,,
6,7,No Shelter,F,4,4,2,,,
6,7,No Shelter,F,5,5,1,,,
6,7,No Shelter,F,6,6,2,,,
6,7,No Shelter,F,7,7,3,,,
6,7,No Shelter,F,8,8,2,,,"partly bleached, large crack"
6,7,No Shelter,F,9,9,2,,,
6,7,No Shelter,F,10,10,2,,,
6,7,No Shelter,B,1,1,1,,,
6,7,No Shelter,B,2,2,1,,,
6,7,No Shelter,B,3,3,2,,,
6,7,No Shelter,B,4,4,1,,,
6,7,No Shelter,B,5,5,1,,,
6,7,No Shelter,B,6,6,1,,,
6,7,No Shelter,B,7,7,2,,,
6,7,No Shelter,B,8,8,2,,,
6,7,No Shelter,B,9,9,2,,,
6,7,No Shelter,B,10,10,2,,,
6,8,Shade,F,1,1,2,,,
6,8,Shade,F,2,2,2,,,
6,8,Shade,F,3,3,1,,,
6,8,Shade,F,4,4,2,,,
6,8,Shade,F,5,5,2,,,
6,8,Shade,F,6,6,3,,,
6,8,Shade,F,7,7,3,,,
6,8,Shade,F,8,8,2,,,
6,8,Shade,F,9,9,1,,,
6,8,Shade,F,10,10,1,,,
6,8,Shade,B,1,1,3,,,
6,8,Shade,B,2,2,2,,,
6,8,Shade,B,3,3,1,,,
6,8,Shade,B,4,4,2,,,
6,8,Shade,B,5,5,2,,,significantly cracked but not fully bleached
6,8,Shade,B,6,6,2,,,
6,8,Shade,B,7,7,1,,,
6,8,Shade,B,8,8,3,,,
6,8,Shade,B,9,9,2,,,
6,8,Shade,B,10,10,1,,,
6,9,UVpass,F,1,1,2,,,
6,9,UVpass,F,2,2,1,,,
6,9,UVpass,F,3,3,2,,,
6,9,UVpass,F,4,4,2,,,
6,9,UVpass,F,5,5,2,,,
6,9,UVpass,F,6,6,2,,,
6,9,UVpass,F,7,7,2,,,
6,9,UVpass,F,8,8,2,,,
6,9,UVpass,F,9,9,1,,,
6,9,UVpass,F,10,10,3,,,
6,9,UVpass,B,1,1,1,,,
6,9,UVpass,B,2,2,1,,,
6,9,UVpass,B,3,3,2,,,
6,9,UVpass,B,4,4,2,,,
6,9,UVpass,B,5,5,1,,,
6,9,UVpass,B,6,6,1,,,
6,9,UVpass,B,7,7,1,,,
6,9,UVpass,B,8,8,1,,,
6,9,UVpass,B,9,9,1,,,
6,9,UVpass,B,10,10,2,,,
6,10,Shade,F,1,1,2,,,
6,10,Shade,F,2,2,1,,,
6,10,Shade,F,3,3,1,,,
6,10,Shade,F,4,4,1,,,
6,10,Shade,F,5,5,3,,,
6,10,Shade,F,6,6,1,,,
6,10,Shade,F,7,7,2,,,
6,10,Shade,F,8,8,3,,,
6,10,Shade,F,9,9,1,,,
6,10,Shade,F,10,10,1,,,
6,10,Shade,B,1,1,2,,,
6,10,Shade,B,2,2,2,,,
6,10,Shade,B,3,3,2,,,
6,10,Shade,B,4,4,2,,,
6,10,Shade,B,5,5,2,,,
6,10,Shade,B,6,6,2,,,
6,10,Shade,B,7,7,1,,,
6,10,Shade,B,8,8,2,,,
6,10,Shade,B,9,9,2,,,
6,10,Shade,B,10,10,1,,,
6,11,UVpass,F,1,1,1,,,
6,11,UVpass,F,2,2,2,,,
6,11,UVpass,F,3,3,2,,,
6,11,UVpass,F,4,4,3,,,
6,11,UVpass,F,5,5,2,,,
6,11,UVpass,F,6,6,3,,,
6,11,UVpass,F,7,7,3,,,
6,11,UVpass,F,8,8,2,,,
6,11,UVpass,F,9,9,2,,,largely unbleached but with a couple of large holes
6,11,UVpass,F,10,10,1,,,
6,11,UVpass,B,1,1,1,,,
6,11,UVpass,B,2,2,2,,,
6,11,UVpass,B,3,3,1,,,
6,11,UVpass,B,4,4,3,,,
6,11,UVpass,B,5,5,1,,,
6,11,UVpass,B,6,6,2,,,
6,11,UVpass,B,7,7,3,,,
6,11,UVpass,B,8,8,1,,,
6,11,UVpass,B,9,9,1,,,
6,11,UVpass,B,10,10,1,,,
6,12,Shade,F,1,1,1,,,
6,12,Shade,F,2,2,2,,,
6,12,Shade,F,3,3,2,,,
6,12,Shade,F,4,4,2,,,
6,12,Shade,F,5,5,3,,,
6,12,Shade,F,6,6,1,,,
6,12,Shade,F,7,7,2,,,
6,12,Shade,F,8,8,2,,,
6,12,Shade,F,9,9,1,,,
6,12,Shade,F,10,10,2,,,
6,12,Shade,B,1,1,3,,,
6,12,Shade,B,2,2,1,,,
6,12,Shade,B,3,3,1,,,
6,12,Shade,B,4,4,1,,,
6,12,Shade,B,5,5,1,,,
6,12,Shade,B,6,6,1,,,
6,12,Shade,B,7,7,1,,,
6,12,Shade,B,8,8,1,,,
6,12,Shade,B,9,9,1,,,
6,12,Shade,B,10,10,1,,,
6,13,No Shelter,F,1,1,1,,,
6,13,No Shelter,F,2,2,2,,,
6,13,No Shelter,F,3,3,1,,,
6,13,No Shelter,F,4,4,3,,,
6,13,No Shelter,F,5,5,2,,,
6,13,No Shelter,F,6,6,3,,,
6,13,No Shelter,F,7,7,2,,,
6,13,No Shelter,F,8,8,4,,,
6,13,No Shelter,F,9,9,2,,,
6,13,No Shelter,F,10,10,1,,,
6,13,No Shelter,B,1,1,1,,,
6,13,No Shelter,B,2,2,2,,,
6,13,No Shelter,B,3,3,1,,,
6,13,No Shelter,B,4,4,3,,,
6,13,No Shelter,B,5,5,2,,,
6,13,No Shelter,B,6,6,2,,,
6,13,No Shelter,B,7,7,2,,,
6,13,No Shelter,B,8,8,2,,,
6,13,No Shelter,B,9,9,2,,,
6,13,No Shelter,B,10,10,1,,,
6,14,UVblock,F,1,1,1,,,
6,14,UVblock,F,2,2,2,,,
6,14,UVblock,F,3,3,1,,,
6,14,UVblock,F,4,4,2,,,
6,14,UVblock,F,5,5,2,,,
6,14,UVblock,F,6,6,2,,,
6,14,UVblock,F,7,7,2,,,
6,14,UVblock,F,8,8,2,,,
6,14,UVblock,F,9,9,1,,,
6,14,UVblock,F,10,10,3,,,
6,14,UVblock,B,1,1,1,,,
6,14,UVblock,B,2,2,2,,,
6,14,UVblock,B,3,3,2,,,
6,14,UVblock,B,4,4,1,,,
6,14,UVblock,B,5,5,2,,,
6,14,UVblock,B,6,6,1,,,
6,14,UVblock,B,7,7,2,,,
6,14,UVblock,B,8,8,1,,,
6,14,UVblock,B,9,9,1,,,
6,14,UVblock,B,10,10,1,,,
6,15,No Shelter,F,1,1,2,,,
6,15,No Shelter,F,2,2,3,,,
6,15,No Shelter,F,3,3,3,,,
6,15,No Shelter,F,4,4,1,,,
6,15,No Shelter,F,5,5,2,,,
6,15,No Shelter,F,6,6,3,,,
6,15,No Shelter,F,7,7,1,,,
6,15,No Shelter,F,8,8,2,,,
6,15,No Shelter,F,9,9,2,,,
6,15,No Shelter,F,10,10,2,,,
6,15,No Shelter,B,1,1,2,,,
6,15,No Shelter,B,2,2,1,,,
6,15,No Shelter,B,3,3,1,,,
6,15,No Shelter,B,4,4,1,,,
6,15,No Shelter,B,5,5,2,,,
6,15,No Shelter,B,6,6,1,,,
6,15,No Shelter,B,7,7,1,,,
6,15,No Shelter,B,8,8,1,,,
6,15,No Shelter,B,9,9,2,,,
6,15,No Shelter,B,10,10,3,,,still some yellow but has very large crack 
6,16,Shade,F,1,1,1,,,
6,16,Shade,F,2,2,2,,,
6,16,Shade,F,3,3,1,,,
6,16,Shade,F,4,4,2,,,
6,16,Shade,F,5,5,2,,,
6,16,Shade,F,6,6,1,,,
6,16,Shade,F,7,7,1,,,
6,16,Shade,F,8,8,2,,,
6,16,Shade,F,9,9,2,,,
6,16,Shade,F,10,10,1,,,
6,16,Shade,B,1,1,1,,,
6,16,Shade,B,2,2,1,,,
6,16,Shade,B,3,3,1,,,
6,16,Shade,B,4,4,1,,,
6,16,Shade,B,5,5,2,,,
6,16,Shade,B,6,6,2,,,
6,16,Shade,B,7,7,2,,,
6,16,Shade,B,8,8,1,,,
6,16,Shade,B,9,9,3,,,
6,16,Shade,B,10,10,1,,,
6,17,UVblock,F,1,1,1,,,
6,17,UVblock,F,2,2,2,,,
6,17,UVblock,F,3,3,1,,,
6,17,UVblock,F,4,4,2,,,no bleaching but large crack 
6,17,UVblock,F,5,5,1,,,
6,17,UVblock,F,6,6,2,,,
6,17,UVblock,F,7,7,2,,,
6,17,UVblock,F,8,8,1,,,
6,17,UVblock,F,9,9,1,,,
6,17,UVblock,F,10,10,2,,,
6,17,UVblock,B,1,1,2,,,
6,17,UVblock,B,2,2,1,,,
6,17,UVblock,B,3,3,1,,,
6,17,UVblock,B,4,4,1,,,
6,17,UVblock,B,5,5,2,,,
6,17,UVblock,B,6,6,1,,,
6,17,UVblock,B,7,7,1,,,
6,17,UVblock,B,8,8,1,,,
6,17,UVblock,B,9,9,2,,,
6,17,UVblock,B,10,10,2,,,
6,18,UVpass,F,1,1,3,,,
6,18,UVpass,F,2,2,2,,,
6,18,UVpass,F,3,3,2,,,
6,18,UVpass,F,4,4,2,,,
6,18,UVpass,F,5,5,3,,,
6,18,UVpass,F,6,6,1,,,
6,18,UVpass,F,7,7,1,,,
6,18,UVpass,F,8,8,1,,,
6,18,UVpass,F,9,9,1,,,
6,18,UVpass,F,10,10,3,,,
6,18,UVpass,B,1,1,3,,,
6,18,UVpass,B,2,2,2,,,
6,18,UVpass,B,3,3,2,,,
6,18,UVpass,B,4,4,1,,,
6,18,UVpass,B,5,5,2,,,
6,18,UVpass,B,6,6,1,,,
6,18,UVpass,B,7,7,1,,,
6,18,UVpass,B,8,8,1,,,
6,18,UVpass,B,9,9,2,,,
6,18,UVpass,B,10,10,2,,,
6,19,No Shelter,F,1,1,3,,,
6,19,No Shelter,F,2,2,2,,,
6,19,No Shelter,F,3,3,2,,,
6,19,No Shelter,F,4,4,2,,,
6,19,No Shelter,F,5,5,3,,,
6,19,No Shelter,F,6,6,2,,,
6,19,No Shelter,F,7,7,1,,,
6,19,No Shelter,F,8,8,2,,,
6,19,No Shelter,F,9,9,3,,,
6,19,No Shelter,F,10,10,3,,,
6,19,No Shelter,B,1,1,1,,,
6,19,No Shelter,B,2,2,2,,,
6,19,No Shelter,B,3,3,2,,,
6,19,No Shelter,B,4,4,1,,,
6,19,No Shelter,B,5,5,2,,,
6,19,No Shelter,B,6,6,1,,,
6,19,No Shelter,B,7,7,1,,,
6,19,No Shelter,B,8,8,2,,,
6,19,No Shelter,B,9,9,3,,,
6,19,No Shelter,B,10,10,1,,,
6,20,UVpass,F,1,1,2,,,
6,20,UVpass,F,2,2,2,,,
6,20,UVpass,F,3,3,2,,,
6,20,UVpass,F,4,4,2,,,
6,20,UVpass,F,5,5,2,,,
6,20,UVpass,F,6,6,1,,,
6,20,UVpass,F,7,7,2,,,
6,20,UVpass,F,8,8,3,,,
6,20,UVpass,F,9,9,3,,,
6,20,UVpass,F,10,10,3,,,
6,20,UVpass,B,1,1,2,,,
6,20,UVpass,B,2,2,2,,,
6,20,UVpass,B,3,3,1,,,
6,20,UVpass,B,4,4,1,,,
6,20,UVpass,B,5,5,2,,,
6,20,UVpass,B,6,6,1,,,
6,20,UVpass,B,7,7,1,,,
6,20,UVpass,B,8,8,2,,,
6,20,UVpass,B,9,9,2,,,
6,20,UVpass,B,10,10,2,,,mostly unbleached with large crack 
6,21,Shade,F,1,1,2,,,
6,21,Shade,F,2,2,2,,,
6,21,Shade,F,3,3,1,,,
6,21,Shade,F,4,4,2,,,
6,21,Shade,F,5,5,3,,,
6,21,Shade,F,6,6,1,,,
6,21,Shade,F,7,7,3,,,
6,21,Shade,F,8,8,1,,,
6,21,Shade,F,9,9,1,,,
6,21,Shade,F,10,10,3,,,
6,21,Shade,B,1,1,2,,,
6,21,Shade,B,2,2,2,,,
6,21,Shade,B,3,3,1,,,
6,21,Shade,B,4,4,2,,,unbleached but has large cracks 
6,21,Shade,B,5,5,3,,,
6,21,Shade,B,6,6,1,,,
6,21,Shade,B,7,7,2,,,
6,21,Shade,B,8,8,1,,,
6,21,Shade,B,9,9,1,,,
6,21,Shade,B,10,10,2,,,
6,22,No Shelter,F,1,1,2,,,
6,22,No Shelter,F,2,2,1,,,
6,22,No Shelter,F,3,3,3,,,
6,22,No Shelter,F,4,4,1,,,
6,22,No Shelter,F,5,5,2,,,
6,22,No Shelter,F,6,6,1,,,
6,22,No Shelter,F,7,7,3,,,
6,22,No Shelter,F,8,8,2,,,
6,22,No Shelter,F,9,9,3,,,"partly yellow, partly very bleached, large crack with some innards showing "
6,22,No Shelter,F,10,10,1,,,
6,22,No Shelter,B,1,1,1,,,
6,22,No Shelter,B,2,2,1,,,
6,22,No Shelter,B,3,3,2,,,
6,22,No Shelter,B,4,4,1,,,
6,22,No Shelter,B,5,5,1,,,
6,22,No Shelter,B,6,6,2,,,
6,22,No Shelter,B,7,7,3,,,
6,22,No Shelter,B,8,8,1,,,
6,22,No Shelter,B,9,9,1,,,
6,22,No Shelter,B,10,10,1,,,
6,23,UVpass,F,1,1,2,,,
6,23,UVpass,F,2,2,3,,,
6,23,UVpass,F,3,3,1,,,
6,23,UVpass,F,4,4,3,,,
6,23,UVpass,F,5,5,2,,,
6,23,UVpass,F,6,6,3,,,
6,23,UVpass,F,7,7,3,,,
6,23,UVpass,F,8,8,2,,,
6,23,UVpass,F,9,9,2,,,
6,23,UVpass,F,10,10,1,,,
6,23,UVpass,B,1,1,1,,,
6,23,UVpass,B,2,2,3,,,
6,23,UVpass,B,3,3,1,,,
6,23,UVpass,B,4,4,3,,,
6,23,UVpass,B,5,5,1,,,
6,23,UVpass,B,6,6,1,,,
6,23,UVpass,B,7,7,2,,,
6,23,UVpass,B,8,8,2,,,
6,23,UVpass,B,9,9,1,,,
6,23,UVpass,B,10,10,2,,,
6,24,UVblock,F,1,1,3,,,
6,24,UVblock,F,2,2,1,,,
6,24,UVblock,F,3,3,3,,,
6,24,UVblock,F,4,4,2,,,
6,24,UVblock,F,5,5,2,,,
6,24,UVblock,F,6,6,2,,,
6,24,UVblock,F,7,7,2,,,
6,24,UVblock,F,8,8,2,,,
6,24,UVblock,F,9,9,3,,,
6,24,UVblock,F,10,10,3,,,
6,24,UVblock,B,1,1,2,,,some large holes
6,24,UVblock,B,2,2,3,,,
6,24,UVblock,B,3,3,3,,,
6,24,UVblock,B,4,4,1,,,
6,24,UVblock,B,5,5,1,,,
6,24,UVblock,B,6,6,2,,,
6,24,UVblock,B,7,7,2,,,
6,24,UVblock,B,8,8,1,,,
6,24,UVblock,B,9,9,2,,,
6,24,UVblock,B,10,10,1,,,
12,1,No Shelter,F,1,1,4,,,
12,1,No Shelter,F,2,2,2,,,
12,1,No Shelter,F,3,3,3,,,
12,1,No Shelter,F,4,4,2,,,
12,1,No Shelter,F,5,5,1,cr,,sanded
12,1,No Shelter,F,6,6,3,,,
12,1,No Shelter,F,7,7,3,,,
12,1,No Shelter,F,8,8,2,ci,,
12,1,No Shelter,F,9,9,3,,,
12,1,No Shelter,F,10,10,3,,,"Mostly Unbleached, large cracks"
12,1,No Shelter,B,1,1,1,,,
12,1,No Shelter,B,2,2,3,,,
12,1,No Shelter,B,3,3,2,,,
12,1,No Shelter,B,4,4,2,,,
12,1,No Shelter,B,5,5,1,cr,,Sanded
12,1,No Shelter,B,6,6,2,,,
12,1,No Shelter,B,7,7,3,,,
12,1,No Shelter,B,8,8,1,ci,,
12,1,No Shelter,B,9,9,2,,,
12,1,No Shelter,B,10,10,1,,,
12,2,UVpass,F,1,1,3,,,
12,2,UVpass,F,2,2,3,,,
12,2,UVpass,F,3,3,3,,,
12,2,UVpass,F,4,4,3,,,
12,2,UVpass,F,5,5,4,,,
12,2,UVpass,F,6,6,3,,,
12,2,UVpass,F,7,7,3,,,mostly unbleached but with some large cracks and some innards showing 
12,2,UVpass,F,8,8,3,,,
12,2,UVpass,F,9,9,2,cr,,Sanded
12,2,UVpass,F,10,10,1,ci,,
12,2,UVpass,B,1,1,2,,,Mostly unbleached but with large crack 
12,2,UVpass,B,2,2,3,,,
12,2,UVpass,B,3,3,1,,,
12,2,UVpass,B,4,4,2,,,
12,2,UVpass,B,5,5,1,,,
12,2,UVpass,B,6,6,2,,,Unbleached but with small/medium sized crack 
12,2,UVpass,B,7,7,2,,,
12,2,UVpass,B,8,8,2,,,
12,2,UVpass,B,9,9,2,cr,,sanded
12,2,UVpass,B,10,10,1,ci,,
12,3,UVblock,F,1,1,3,,,
12,3,UVblock,F,2,2,3,,,
12,3,UVblock,F,3,3,2,ci,,
12,3,UVblock,F,4,4,2,,,
12,3,UVblock,F,5,5,3,,,Still mostly yellow but with large cracks 
12,3,UVblock,F,6,6,2,cr,,sanded
12,3,UVblock,F,7,7,3,,,
12,3,UVblock,F,8,8,3,,,
12,3,UVblock,F,9,9,3,,,
12,3,UVblock,F,10,10,3,,,
12,3,UVblock,B,1,1,3,,,
12,3,UVblock,B,2,2,2,,,Mostly unbleached but with large crack 
12,3,UVblock,B,3,3,1,ci,,
12,3,UVblock,B,4,4,3,,,
12,3,UVblock,B,5,5,2,,,
12,3,UVblock,B,6,6,2,cr,,sanded
12,3,UVblock,B,7,7,3,,,mostly unbleached but with large cracks
12,3,UVblock,B,8,8,2,,,
12,3,UVblock,B,9,9,3,,,
12,3,UVblock,B,10,10,1,,,
12,4,Shade,F,1,1,1,,,
12,4,Shade,F,2,2,2,,,
12,4,Shade,F,3,3,2,,,
12,4,Shade,F,4,4,2,ci,,
12,4,Shade,F,5,5,2,,,
12,4,Shade,F,6,6,3,,,
12,4,Shade,F,7,7,1,,,
12,4,Shade,F,8,8,3,,,
12,4,Shade,F,9,9,1,,,
12,4,Shade,F,10,10,3,cr,,
12,4,Shade,B,1,1,1,,,
12,4,Shade,B,2,2,1,,,
12,4,Shade,B,3,3,1,,,
12,4,Shade,B,4,4,1,ci,,
12,4,Shade,B,5,5,2,,,
12,4,Shade,B,6,6,1,,,
12,4,Shade,B,7,7,1,,,
12,4,Shade,B,8,8,1,,,
12,4,Shade,B,9,9,1,,,
12,4,Shade,B,10,10,1,cr,,sanded
12,5,UVblock,F,1,1,2,cr,,Sanded
12,5,UVblock,F,2,2,3,,,
12,5,UVblock,F,3,3,2,ci,,
12,5,UVblock,F,4,4,3,,,
12,5,UVblock,F,5,5,3,,,
12,5,UVblock,F,6,6,2,,,
12,5,UVblock,F,7,7,3,,,
12,5,UVblock,F,8,8,3,,,mostly unbleached but with large cracks
12,5,UVblock,F,9,9,3,,,
12,5,UVblock,F,10,10,2,,,
12,5,UVblock,B,1,1,1,cr,,sanded
12,5,UVblock,B,2,2,3,,,Seems like this one might be a side view 
12,5,UVblock,B,3,3,1,ci,,
12,5,UVblock,B,4,4,3,,,
12,5,UVblock,B,5,5,3,,,
12,5,UVblock,B,6,6,2,,,
12,5,UVblock,B,7,7,3,,,
12,5,UVblock,B,8,8,2,,,
12,5,UVblock,B,9,9,4,,,
12,5,UVblock,B,10,10,1,,,
12,6,UVblock,F,1,1,3,,,
12,6,UVblock,F,2,2,2,cr,,Sanded
12,6,UVblock,F,3,3,3,,,
12,6,UVblock,F,4,4,2,,,
12,6,UVblock,F,5,5,2,,,
12,6,UVblock,F,6,6,3,,,
12,6,UVblock,F,7,7,2,ci,,
12,6,UVblock,F,8,8,2,,,
12,6,UVblock,F,9,9,2,,,
12,6,UVblock,F,10,10,2,,,
12,6,UVblock,B,1,1,2,,,Seems like this could be a side view 
12,6,UVblock,B,2,2,1,cr,,Sanded
12,6,UVblock,B,3,3,2,,,
12,6,UVblock,B,4,4,1,,,
12,6,UVblock,B,5,5,3,,,
12,6,UVblock,B,6,6,2,,,
12,6,UVblock,B,7,7,2,ci,,
12,6,UVblock,B,8,8,2,,,
12,6,UVblock,B,9,9,2,,,
12,6,UVblock,B,10,10,1,,,
12,7,No Shelter,F,1,1,1,cr,,sanded
12,7,No Shelter,F,2,2,3,,,
12,7,No Shelter,F,3,3,2,,,
12,7,No Shelter,F,4,4,3,,,
12,7,No Shelter,F,5,5,3,,,mostly unbleached but with large cracks
12,7,No Shelter,F,6,6,3,,,
12,7,No Shelter,F,7,7,3,,,Some unbleached but with a very worn strip 
12,7,No Shelter,F,8,8,2,ci,,
12,7,No Shelter,F,9,9,3,,,
12,7,No Shelter,F,10,10,2,,,
12,7,No Shelter,B,1,1,1,cr,,Sanded
12,7,No Shelter,B,2,2,2,,,
12,7,No Shelter,B,3,3,1,,,
12,7,No Shelter,B,4,4,1,,,
12,7,No Shelter,B,5,5,2,,,
12,7,No Shelter,B,6,6,2,,,
12,7,No Shelter,B,7,7,3,,,some unbleached but with a very worn strip
12,7,No Shelter,B,8,8,1,ci,,
12,7,No Shelter,B,9,9,2,,,
12,7,No Shelter,B,10,10,2,,,
12,8,Shade,F,1,1,3,,,"Mostly unbleached but with lots of cracks, some large "
12,8,Shade,F,2,2,2,cr,,Sanded
12,8,Shade,F,3,3,2,,,
12,8,Shade,F,4,4,3,,,
12,8,Shade,F,5,5,3,,,
12,8,Shade,F,6,6,1,ci,,
12,8,Shade,F,7,7,3,,,
12,8,Shade,F,8,8,3,,,
12,8,Shade,F,9,9,2,,,
12,8,Shade,F,10,10,1,,,
12,8,Shade,B,1,1,3,,,
12,8,Shade,B,2,2,2,cr,,Sanded
12,8,Shade,B,3,3,1,,,
12,8,Shade,B,4,4,2,,,
12,8,Shade,B,5,5,3,,,
12,8,Shade,B,6,6,1,ci,,
12,8,Shade,B,7,7,2,,,
12,8,Shade,B,8,8,3,,,Very black but I don't think the insides are visible 
12,8,Shade,B,9,9,1,,,
12,8,Shade,B,10,10,2,,,
12,9,UVpass,F,1,1,1,cr,,Sanded
12,9,UVpass,F,2,2,2,,,
12,9,UVpass,F,3,3,2,,,
12,9,UVpass,F,4,4,3,,,
12,9,UVpass,F,5,5,3,,,
12,9,UVpass,F,6,6,2,,,
12,9,UVpass,F,7,7,3,,,Mostly unbleached but with large cracks 
12,9,UVpass,F,8,8,1,,,
12,9,UVpass,F,9,9,2,,,
12,9,UVpass,F,10,10,1,ci,,
12,9,UVpass,B,1,1,1,cr,,Sanded
12,9,UVpass,B,2,2,1,,,
12,9,UVpass,B,3,3,1,,,
12,9,UVpass,B,4,4,2,,,
12,9,UVpass,B,5,5,2,,,
12,9,UVpass,B,6,6,1,,,
12,9,UVpass,B,7,7,1,,,
12,9,UVpass,B,8,8,1,,,
12,9,UVpass,B,9,9,1,,,
12,9,UVpass,B,10,10,1,ci,,
12,10,Shade,F,1,1,2,ci,,
12,10,Shade,F,2,2,2,,,
12,10,Shade,F,3,3,3,,,Partly unbleached but large cracks
12,10,Shade,F,4,4,2,,,
12,10,Shade,F,5,5,2,,,
12,10,Shade,F,6,6,3,,,
12,10,Shade,F,7,7,3,,,
12,10,Shade,F,8,8,3,,,
12,10,Shade,F,9,9,3,cr,,Sanded
12,10,Shade,F,10,10,1,,,
12,10,Shade,B,1,1,1,ci,,
12,10,Shade,B,2,2,1,,,
12,10,Shade,B,3,3,1,,,
12,10,Shade,B,4,4,3,,,
12,10,Shade,B,5,5,3,,,
12,10,Shade,B,6,6,1,,,
12,10,Shade,B,7,7,1,,,
12,10,Shade,B,8,8,3,,,
12,10,Shade,B,9,9,1,cr,,sanded
12,10,Shade,B,10,10,1,,,
12,11,UVpass,F,1,1,3,,,
12,11,UVpass,F,2,2,3,,,
12,11,UVpass,F,3,3,2,,,
12,11,UVpass,F,4,4,1,ci,,
12,11,UVpass,F,5,5,3,,,
12,11,UVpass,F,6,6,4,,,
12,11,UVpass,F,7,7,3,,,
12,11,UVpass,F,8,8,3,,,unbleached but very cracked
12,11,UVpass,F,9,9,3,,,
12,11,UVpass,F,10,10,2,cr,,sanded
12,11,UVpass,B,1,1,2,,,
12,11,UVpass,B,2,2,1,,,
12,11,UVpass,B,3,3,1,,,
12,11,UVpass,B,4,4,1,ci,,
12,11,UVpass,B,5,5,1,,,
12,11,UVpass,B,6,6,1,,,
12,11,UVpass,B,7,7,3,,,
12,11,UVpass,B,8,8,2,,,
12,11,UVpass,B,9,9,1,,,
12,11,UVpass,B,10,10,1,cr,,sanded
12,12,Shade,F,1,1,3,,,
12,12,Shade,F,2,2,3,,,
12,12,Shade,F,3,3,2,,,
12,12,Shade,F,4,4,3,,,no cracks but almost entirely white 
12,12,Shade,F,5,5,3,,,
12,12,Shade,F,6,6,2,,,
12,12,Shade,F,7,7,1,ci,,
12,12,Shade,F,8,8,2,,,
12,12,Shade,F,9,9,2,,,
12,12,Shade,F,10,10,2,cr,,Sanded 
12,12,Shade,B,1,1,2,,,
12,12,Shade,B,2,2,2,,,
12,12,Shade,B,3,3,2,,,
12,12,Shade,B,4,4,2,,,
12,12,Shade,B,5,5,1,,,
12,12,Shade,B,6,6,1,,,
12,12,Shade,B,7,7,2,ci,,
12,12,Shade,B,8,8,2,,,
12,12,Shade,B,9,9,1,,,
12,12,Shade,B,10,10,1,cr,,sanded
12,13,No Shelter,F,1,1,2,,,
12,13,No Shelter,F,2,2,1,ci,,
12,13,No Shelter,F,3,3,2,,,
12,13,No Shelter,F,4,4,3,,,
12,13,No Shelter,F,5,5,3,,,
12,13,No Shelter,F,6,6,3,,,
12,13,No Shelter,F,7,7,3,,,
12,13,No Shelter,F,8,8,1,cr,,sanded
12,13,No Shelter,F,9,9,3,,,
12,13,No Shelter,F,10,10,2,,,
12,13,No Shelter,B,1,1,1,,,
12,13,No Shelter,B,2,2,1,ci,,
12,13,No Shelter,B,3,3,1,,,
12,13,No Shelter,B,4,4,2,,,"large crack and ~50% bleached but other half fine, on its side maybe?"
12,13,No Shelter,B,5,5,2,,,
12,13,No Shelter,B,6,6,2,,,
12,13,No Shelter,B,7,7,2,,,
12,13,No Shelter,B,8,8,1,cr,,sanded
12,13,No Shelter,B,9,9,2,,,
12,13,No Shelter,B,10,10,1,,,
12,14,UVblock,F,1,1,2,,,
12,14,UVblock,F,2,2,3,,,
12,14,UVblock,F,3,3,1,ci,,
12,14,UVblock,F,4,4,3,,,
12,14,UVblock,F,5,5,3,,,
12,14,UVblock,F,6,6,3,,,
12,14,UVblock,F,7,7,2,cr,,Sanded
12,14,UVblock,F,8,8,3,,,
12,14,UVblock,F,9,9,2,,,
12,14,UVblock,F,10,10,3,,,
12,14,UVblock,B,1,1,1,,,
12,14,UVblock,B,2,2,1,,,
12,14,UVblock,B,3,3,1,ci,,
12,14,UVblock,B,4,4,2,,,
12,14,UVblock,B,5,5,1,,,
12,14,UVblock,B,6,6,2,,,
12,14,UVblock,B,7,7,1,cr,,Sanded
12,14,UVblock,B,8,8,2,,,
12,14,UVblock,B,9,9,2,,,
12,14,UVblock,B,10,10,2,,,
12,15,No Shelter,F,1,1,3,,,
12,15,No Shelter,F,2,2,3,,,
12,15,No Shelter,F,3,3,4,,,
12,15,No Shelter,F,4,4,2,,,mostly unbleached but with large cracks 
12,15,No Shelter,F,5,5,2,cr,,sanded
12,15,No Shelter,F,6,6,4,,,
12,15,No Shelter,F,7,7,3,,,mostly unbleached but with very large crack 
12,15,No Shelter,F,8,8,3,,,
12,15,No Shelter,F,9,9,1,ci,,
12,15,No Shelter,F,10,10,3,,,
12,15,No Shelter,B,1,1,2,,,
12,15,No Shelter,B,2,2,1,,,"possible large crack at the bottom, it's blurry and hard to tell it I don't think it's a crack?"
12,15,No Shelter,B,3,3,1,,,
12,15,No Shelter,B,4,4,2,,,
12,15,No Shelter,B,5,5,2,cr,,sanded
12,15,No Shelter,B,6,6,3,,,some still unbleached 
12,15,No Shelter,B,7,7,1,,,
12,15,No Shelter,B,8,8,1,,,
12,15,No Shelter,B,9,9,2,ci,,
12,15,No Shelter,B,10,10,3,,,some still unbleached 
12,16,Shade,F,1,1,2,ci,,
12,16,Shade,F,2,2,2,,,
12,16,Shade,F,3,3,2,,,
12,16,Shade,F,4,4,2,cr,,Sanded
12,16,Shade,F,5,5,3,,,"Some still unbleached, side view?"
12,16,Shade,F,6,6,2,,,
12,16,Shade,F,7,7,2,,,
12,16,Shade,F,8,8,2,,,
12,16,Shade,F,9,9,3,,,
12,16,Shade,F,10,10,1,,,
12,16,Shade,B,1,1,1,ci,,
12,16,Shade,B,2,2,2,,,
12,16,Shade,B,3,3,1,,,
12,16,Shade,B,4,4,2,cr,,Sanded
12,16,Shade,B,5,5,2,,,
12,16,Shade,B,6,6,2,,,
12,16,Shade,B,7,7,1,,,
12,16,Shade,B,8,8,3,,,
12,16,Shade,B,9,9,3,,,
12,16,Shade,B,10,10,1,,,
12,17,UVblock,F,1,1,3,,,
12,17,UVblock,F,2,2,1,,,
12,17,UVblock,F,3,3,3,,,
12,17,UVblock,F,4,4,1,ci,,
12,17,UVblock,F,5,5,3,,,
12,17,UVblock,F,6,6,2,,,
12,17,UVblock,F,7,7,2,cr,,Sanded
12,17,UVblock,F,8,8,3,,,mostly yellow but with very large crack 
12,17,UVblock,F,9,9,2,,,
12,17,UVblock,F,10,10,3,,,
12,17,UVblock,B,1,1,2,,,
12,17,UVblock,B,2,2,1,,,
12,17,UVblock,B,3,3,2,,,
12,17,UVblock,B,4,4,1,ci,,
12,17,UVblock,B,5,5,2,,,
12,17,UVblock,B,6,6,2,,,
12,17,UVblock,B,7,7,2,cr,,Sanded
12,17,UVblock,B,8,8,2,,,Unbleached and mostly clean but with medium sized crack 
12,17,UVblock,B,9,9,2,,,
12,17,UVblock,B,10,10,2,,,
12,18,UVpass,F,1,1,3,,,
12,18,UVpass,F,2,2,2,,,
12,18,UVpass,F,3,3,2,,,
12,18,UVpass,F,4,4,3,,,
12,18,UVpass,F,5,5,4,,,
12,18,UVpass,F,6,6,2,ci,,
12,18,UVpass,F,7,7,3,,,
12,18,UVpass,F,8,8,2,,,Mostly unbleached but with two large cracks
12,18,UVpass,F,9,9,2,cr,,Sanded
12,18,UVpass,F,10,10,3,,,"Fully intact in parts, innards visible in others "
12,18,UVpass,B,1,1,3,,,
12,18,UVpass,B,2,2,2,,,
12,18,UVpass,B,3,3,2,,,
12,18,UVpass,B,4,4,1,,,
12,18,UVpass,B,5,5,1,,,
12,18,UVpass,B,6,6,1,ci,,
12,18,UVpass,B,7,7,1,,,
12,18,UVpass,B,8,8,1,,,
12,18,UVpass,B,9,9,2,cr,,Sanded
12,18,UVpass,B,10,10,3,,,Side view
12,19,No Shelter,F,1,1,3,,,
12,19,No Shelter,F,2,2,3,,,
12,19,No Shelter,F,3,3,2,ci,,
12,19,No Shelter,F,4,4,2,,,
12,19,No Shelter,F,5,5,2,cr,,Sanded
12,19,No Shelter,F,6,6,3,,,
12,19,No Shelter,F,7,7,3,,,
12,19,No Shelter,F,8,8,2,,,
12,19,No Shelter,F,9,9,3,,,
12,19,No Shelter,F,10,10,3,,,
12,19,No Shelter,B,1,1,2,,,
12,19,No Shelter,B,2,2,2,,,
12,19,No Shelter,B,3,3,1,ci,,
12,19,No Shelter,B,4,4,2,,,
12,19,No Shelter,B,5,5,1,cr,,Sanded
12,19,No Shelter,B,6,6,2,,,
12,19,No Shelter,B,7,7,2,,,
12,19,No Shelter,B,8,8,2,,,
12,19,No Shelter,B,9,9,3,,,
12,19,No Shelter,B,10,10,3,,,
12,20,UVpass,F,1,1,3,,,
12,20,UVpass,F,2,2,2,,,
12,20,UVpass,F,3,3,2,cr,,Sanded 
12,20,UVpass,F,4,4,3,,,
12,20,UVpass,F,5,5,2,ci,,
12,20,UVpass,F,6,6,3,,,
12,20,UVpass,F,7,7,3,,,
12,20,UVpass,F,8,8,3,,,
12,20,UVpass,F,9,9,3,,,
12,20,UVpass,F,10,10,3,,,
12,20,UVpass,B,1,1,2,,,unbleached but with a large crack
12,20,UVpass,B,2,2,2,,,
12,20,UVpass,B,3,3,2,cr,,Sanded
12,20,UVpass,B,4,4,1,,,
12,20,UVpass,B,5,5,1,ci,,
12,20,UVpass,B,6,6,1,,,
12,20,UVpass,B,7,7,2,,,
12,20,UVpass,B,8,8,2,,,
12,20,UVpass,B,9,9,3,,,
12,20,UVpass,B,10,10,3,,,
12,21,Shade,F,1,1,2,,,
12,21,Shade,F,2,2,2,cr,,Sanded
12,21,Shade,F,3,3,2,,,
12,21,Shade,F,4,4,2,ci,,
12,21,Shade,F,5,5,3,,,
12,21,Shade,F,6,6,1,,,
12,21,Shade,F,7,7,3,,,
12,21,Shade,F,8,8,1,,,
12,21,Shade,F,9,9,2,,,
12,21,Shade,F,10,10,3,,,
12,21,Shade,B,1,1,2,,,
12,21,Shade,B,2,2,2,cr,,Sanded
12,21,Shade,B,3,3,1,,,
12,21,Shade,B,4,4,2,ci,,
12,21,Shade,B,5,5,2,,,
12,21,Shade,B,6,6,1,,,
12,21,Shade,B,7,7,2,,,
12,21,Shade,B,8,8,1,,,
12,21,Shade,B,9,9,1,,,
12,21,Shade,B,10,10,2,,,
12,22,No Shelter,F,1,1,3,,,
12,22,No Shelter,F,2,2,2,cr,,Sanded
12,22,No Shelter,F,3,3,3,,,
12,22,No Shelter,F,4,4,3,,,
12,22,No Shelter,F,5,5,2,,,
12,22,No Shelter,F,6,6,2,,,
12,22,No Shelter,F,7,7,3,,,
12,22,No Shelter,F,8,8,3,ci,,
12,22,No Shelter,F,9,9,3,,,
12,22,No Shelter,F,10,10,3,,,
12,22,No Shelter,B,1,1,1,,,
12,22,No Shelter,B,2,2,2,cr,,Sanded
12,22,No Shelter,B,3,3,3,,,
12,22,No Shelter,B,4,4,1,,,
12,22,No Shelter,B,5,5,1,,,
12,22,No Shelter,B,6,6,3,,,Mostly unbleached but with large cracks/holes 
12,22,No Shelter,B,7,7,2,,,
12,22,No Shelter,B,8,8,1,ci,,
12,22,No Shelter,B,9,9,1,,,
12,22,No Shelter,B,10,10,1,,,
12,23,UVpass,F,1,1,2,,,
12,23,UVpass,F,2,2,3,,,
12,23,UVpass,F,3,3,1,,,
12,23,UVpass,F,4,4,3,,,
12,23,UVpass,F,5,5,3,,,
12,23,UVpass,F,6,6,2,,,
12,23,UVpass,F,7,7,2,cr,,Sanded
12,23,UVpass,F,8,8,2,ci,,
12,23,UVpass,F,9,9,3,,,
12,23,UVpass,F,10,10,3,,,
12,23,UVpass,B,1,1,2,,,
12,23,UVpass,B,2,2,3,,,
12,23,UVpass,B,3,3,2,,,
12,23,UVpass,B,4,4,2,,,
12,23,UVpass,B,5,5,1,,,
12,23,UVpass,B,6,6,3,,,
12,23,UVpass,B,7,7,1,cr,,Sanded
12,23,UVpass,B,8,8,1,ci,,
12,23,UVpass,B,9,9,1,,,
12,23,UVpass,B,10,10,1,,,
12,24,UVblock,F,1,1,3,,,
12,24,UVblock,F,2,2,2,,,
12,24,UVblock,F,3,3,3,,,
12,24,UVblock,F,4,4,2,,,
12,24,UVblock,F,5,5,3,,,
12,24,UVblock,F,6,6,2,ci,,
12,24,UVblock,F,7,7,3,,,
12,24,UVblock,F,8,8,3,,,
12,24,UVblock,F,9,9,2,cr,,Sanded
12,24,UVblock,F,10,10,3,,,
12,24,UVblock,B,1,1,2,,,Unbleached but with large holes
12,24,UVblock,B,2,2,3,,,
12,24,UVblock,B,3,3,3,,,
12,24,UVblock,B,4,4,1,,,
12,24,UVblock,B,5,5,1,,,
12,24,UVblock,B,6,6,2,ci,,
12,24,UVblock,B,7,7,1,,,
12,24,UVblock,B,8,8,1,,,
12,24,UVblock,B,9,9,2,cr,,Sanded 
12,24,UVblock,B,10,10,1,,,
18,1,No Shelter,F,1,1,1,dup new,,
18,1,No Shelter,F,2,2,4,,,
18,1,No Shelter,F,3,3,4,,,
18,1,No Shelter,F,4,4,1,dup new,,
18,1,No Shelter,F,5,5,1,dup new,sterile,
18,1,No Shelter,F,6,6,4,,,
18,1,No Shelter,F,7,7,4,,,
18,1,No Shelter,F,8,8,1,dup new,sterile,
18,1,No Shelter,F,9,9,1,dup new,,
18,1,No Shelter,F,10,10,1,dup new,,
18,1,No Shelter,B,1,1,1,dup new,,
18,1,No Shelter,B,2,2,3,,,
18,1,No Shelter,B,3,3,3,,,
18,1,No Shelter,B,4,4,1,dup new,,
18,1,No Shelter,B,5,5,1,dup new,sterile,
18,1,No Shelter,B,6,6,3,,,
18,1,No Shelter,B,7,7,3,,,
18,1,No Shelter,B,8,8,1,dup new,sterile,
18,1,No Shelter,B,9,9,1,dup new,,
18,1,No Shelter,B,10,10,1,dup new,,
18,2,UVpass,F,1,1,3,,,
18,2,UVpass,F,2,2,1,dup new,,
18,2,UVpass,F,3,3,1,dup new,,
18,2,UVpass,F,4,4,2,,,
18,2,UVpass,F,5,5,3,,,
18,2,UVpass,F,6,6,1,dup new,,
18,2,UVpass,F,7,7,1,dup new,,
18,2,UVpass,F,8,8,4,,,
18,2,UVpass,F,9,9,1,dup new,sterile,
18,2,UVpass,F,10,10,1,dup new,sterile,
18,2,UVpass,B,1,1,3,,,
18,2,UVpass,B,2,2,1,dup new,,
18,2,UVpass,B,3,3,1,dup new,,
18,2,UVpass,B,4,4,3,,,
18,2,UVpass,B,5,5,4,,,
18,2,UVpass,B,6,6,1,dup new,,
18,2,UVpass,B,7,7,1,dup new,,
18,2,UVpass,B,8,8,4,,,
18,2,UVpass,B,9,9,1,dup new,sterile,
18,2,UVpass,B,10,10,1,dup new,sterile,
18,3,UVblock,F,1,1,3,,,
18,3,UVblock,F,2,2,3,,,
18,3,UVblock,F,3,3,1,dup new,sterile,
18,3,UVblock,F,4,4,1,dup new,,
18,3,UVblock,F,5,5,1,dup new,,
18,3,UVblock,F,6,6,1,dup new,sterile,
18,3,UVblock,F,7,7,1,dup new,,
18,3,UVblock,F,8,8,4,,,
18,3,UVblock,F,9,9,1,dup new,,
18,3,UVblock,F,10,10,3,,,
18,3,UVblock,B,1,1,3,,,
18,3,UVblock,B,2,2,2,,,
18,3,UVblock,B,3,3,1,dup new,sterile,
18,3,UVblock,B,4,4,1,dup new,,
18,3,UVblock,B,5,5,1,dup new,,
18,3,UVblock,B,6,6,1,dup new,sterile,
18,3,UVblock,B,7,7,2,dup new,,
18,3,UVblock,B,8,8,3,,,
18,3,UVblock,B,9,9,1,dup new,,
18,3,UVblock,B,10,10,2,,,
18,4,Shade,F,1,1,2,,,
18,4,Shade,F,2,2,2,dup new,,
18,4,Shade,F,3,3,2,dup new,,
18,4,Shade,F,4,4,1,dup new,sterile,
18,4,Shade,F,5,5,3,,,
18,4,Shade,F,6,6,1,dup new,,
18,4,Shade,F,7,7,3,,,
18,4,Shade,F,8,8,1,dup new,,
18,4,Shade,F,9,9,2,,,
18,4,Shade,F,10,10,1,dup new,sterile,
18,4,Shade,B,1,1,1,,,
18,4,Shade,B,2,2,1,dup new,,
18,4,Shade,B,3,3,2,dup new,,
18,4,Shade,B,4,4,2,dup new,sterile,Mostly clean but with large hole
18,4,Shade,B,5,5,3,,,
18,4,Shade,B,6,6,1,dup new,,
18,4,Shade,B,7,7,3,,,
18,4,Shade,B,8,8,1,dup new,,
18,4,Shade,B,9,9,2,,,
18,4,Shade,B,10,10,1,dup new,sterile,
18,5,UVblock,F,1,1,1,dup new,sterile,
18,5,UVblock,F,2,2,2,dup new,,
18,5,UVblock,F,3,3,1,dup new,sterile,
18,5,UVblock,F,4,4,2,dup new,,
18,5,UVblock,F,5,5,3,,,
18,5,UVblock,F,6,6,1,dup new,,
18,5,UVblock,F,7,7,3,,,
18,5,UVblock,F,8,8,3,,,
18,5,UVblock,F,9,9,1,dup new,,
18,5,UVblock,F,10,10,3,,,
18,5,UVblock,B,1,1,1,dup new,sterile,
18,5,UVblock,B,2,2,2,dup new,,
18,5,UVblock,B,3,3,1,dup new,sterile,
18,5,UVblock,B,4,4,2,dup new,,
18,5,UVblock,B,5,5,3,,,
18,5,UVblock,B,6,6,2,dup new,,
18,5,UVblock,B,7,7,3,,,
18,5,UVblock,B,8,8,3,,,
18,5,UVblock,B,9,9,2,dup new,,
18,5,UVblock,B,10,10,3,,,
18,6,UVblock,F,1,1,3,,,
18,6,UVblock,F,2,2,1,dup new,sterile,
18,6,UVblock,F,3,3,1,dup new,,
18,6,UVblock,F,4,4,1,dup new,,
18,6,UVblock,F,5,5,3,,,
18,6,UVblock,F,6,6,1,dup new,,
18,6,UVblock,F,7,7,1,dup new,sterile,
18,6,UVblock,F,8,8,3,,,
18,6,UVblock,F,9,9,2,,,
18,6,UVblock,F,10,10,1,dup new,,
18,6,UVblock,B,1,1,3,,,
18,6,UVblock,B,2,2,1,dup new,sterile,
18,6,UVblock,B,3,3,2,dup new,,Mostly clean but with hole
18,6,UVblock,B,4,4,2,dup new,,
18,6,UVblock,B,5,5,3,,,
18,6,UVblock,B,6,6,1,dup new,,
18,6,UVblock,B,7,7,1,dup new,sterile,
18,6,UVblock,B,8,8,3,,,
18,6,UVblock,B,9,9,2,,,
18,6,UVblock,B,10,10,1,dup new,,
18,7,No Shelter,F,1,1,1,dup new,sterile,
18,7,No Shelter,F,2,2,1,dup new,,
18,7,No Shelter,F,3,3,1,dup new,,
18,7,No Shelter,F,4,4,2,dup new,,
18,7,No Shelter,F,5,5,1,dup new,,
18,7,No Shelter,F,6,6,3,,,
18,7,No Shelter,F,7,7,4,,,
18,7,No Shelter,F,8,8,1,dup new,sterile,
18,7,No Shelter,F,9,9,3,,,sanded
18,7,No Shelter,F,10,10,3,,,
18,7,No Shelter,B,1,1,1,dup new,sterile,
18,7,No Shelter,B,2,2,1,dup new,,
18,7,No Shelter,B,3,3,1,dup new,,
18,7,No Shelter,B,4,4,1,dup new,,
18,7,No Shelter,B,5,5,1,dup new,,
18,7,No Shelter,B,6,6,3,,,
18,7,No Shelter,B,7,7,3,,,
18,7,No Shelter,B,8,8,1,dup new,sterile,
18,7,No Shelter,B,9,9,2,,,
18,7,No Shelter,B,10,10,2,,,
18,8,Shade,F,1,1,3,,,
18,8,Shade,F,2,2,1,dup new,sterile,
18,8,Shade,F,3,3,1,dup new,,
18,8,Shade,F,4,4,1,dup new,,
18,8,Shade,F,5,5,3,,,
18,8,Shade,F,6,6,1,dup new,sterile,
18,8,Shade,F,7,7,3,,,
18,8,Shade,F,8,8,1,dup new,,Large crack/black stripe
18,8,Shade,F,9,9,3,,,
18,8,Shade,F,10,10,2,dup new,,
18,8,Shade,B,1,1,3,,,
18,8,Shade,B,2,2,2,dup new,sterile,
18,8,Shade,B,3,3,1,dup new,,
18,8,Shade,B,4,4,2,dup new,,
18,8,Shade,B,5,5,3,,,
18,8,Shade,B,6,6,1,dup new,sterile,
18,8,Shade,B,7,7,3,,,
18,8,Shade,B,8,8,1,dup new,,
18,8,Shade,B,9,9,2,,,
18,8,Shade,B,10,10,2,dup new,,
18,9,UVpass,F,1,1,2,dup new,sterile,
18,9,UVpass,F,2,2,1,dup new,,
18,9,UVpass,F,3,3,2,,,
18,9,UVpass,F,4,4,3,,,
18,9,UVpass,F,5,5,1,dup new,,
18,9,UVpass,F,6,6,3,,,
18,9,UVpass,F,7,7,1,dup new,,
18,9,UVpass,F,8,8,1,dup new,,
18,9,UVpass,F,9,9,3,,,
18,9,UVpass,F,10,10,2,dup new,sterile,
18,9,UVpass,B,1,1,1,dup new,sterile,
18,9,UVpass,B,2,2,2,dup new,,
18,9,UVpass,B,3,3,3,,,
18,9,UVpass,B,4,4,3,,,
18,9,UVpass,B,5,5,1,dup new,,
18,9,UVpass,B,6,6,2,,,
18,9,UVpass,B,7,7,1,dup new,,
18,9,UVpass,B,8,8,1,dup new,,
18,9,UVpass,B,9,9,2,,,
18,9,UVpass,B,10,10,2,dup new,sterile,
18,10,Shade,F,1,1,2,dup new,sterile,
18,10,Shade,F,2,2,3,,,
18,10,Shade,F,3,3,3,,,
18,10,Shade,F,4,4,1,dup new,,
18,10,Shade,F,5,5,3,,,
18,10,Shade,F,6,6,2,dup new,,
18,10,Shade,F,7,7,2,dup new,,
18,10,Shade,F,8,8,3,,,
18,10,Shade,F,9,9,1,dup new,sterile,
18,10,Shade,F,10,10,1,dup new,,
18,10,Shade,B,1,1,1,dup new,sterile,
18,10,Shade,B,2,2,3,,,
18,10,Shade,B,3,3,3,,,
18,10,Shade,B,4,4,1,dup new,,
18,10,Shade,B,5,5,3,,,
18,10,Shade,B,6,6,2,dup new,,
18,10,Shade,B,7,7,1,dup new,,
18,10,Shade,B,8,8,3,,,
18,10,Shade,B,9,9,1,dup new,sterile,
18,10,Shade,B,10,10,2,dup new,,
18,11,UVpass,F,1,1,2,dup new,,
18,11,UVpass,F,2,2,2,dup new,,
18,11,UVpass,F,3,3,1,dup new,,
18,11,UVpass,F,4,4,2,dup new,sterile,
18,11,UVpass,F,5,5,3,,,
18,11,UVpass,F,6,6,3,,,Sanded
18,11,UVpass,F,7,7,3,,,
18,11,UVpass,F,8,8,3,,,
18,11,UVpass,F,9,9,1,dup new,,
18,11,UVpass,F,10,10,2,dup new,sterile,
18,11,UVpass,B,1,1,1,dup new,,
18,11,UVpass,B,2,2,2,dup new,,
18,11,UVpass,B,3,3,1,dup new,,
18,11,UVpass,B,4,4,2,dup new,sterile,
18,11,UVpass,B,5,5,3,,,
18,11,UVpass,B,6,6,3,,,
18,11,UVpass,B,7,7,3,,,
18,11,UVpass,B,8,8,2,,,
18,11,UVpass,B,9,9,1,dup new,,
18,11,UVpass,B,10,10,2,dup new,sterile,
18,12,Shade,F,1,1,3,,,
18,12,Shade,F,2,2,3,,,
18,12,Shade,F,3,3,2,dup new,,
18,12,Shade,F,4,4,3,,,
18,12,Shade,F,5,5,2,dup new,,
18,12,Shade,F,6,6,3,,,
18,12,Shade,F,7,7,1,dup new,sterile,
18,12,Shade,F,8,8,1,dup new,,
18,12,Shade,F,9,9,2,dup new,,
18,12,Shade,F,10,10,1,dup new,sterile,
18,12,Shade,B,1,1,3,,,
18,12,Shade,B,2,2,3,,,
18,12,Shade,B,3,3,1,dup new,,
18,12,Shade,B,4,4,3,,,
18,12,Shade,B,5,5,2,dup new,,
18,12,Shade,B,6,6,2,,,
18,12,Shade,B,7,7,1,dup new,sterile,
18,12,Shade,B,8,8,2,dup new,,
18,12,Shade,B,9,9,2,dup new,,
18,12,Shade,B,10,10,1,dup new,sterile,
18,13,No Shelter,F,1,1,1,dup new,,
18,13,No Shelter,F,2,2,2,dup new,sterile,
18,13,No Shelter,F,3,3,2,dup new,,
18,13,No Shelter,F,4,4,3,,,
18,13,No Shelter,F,5,5,3,,,
18,13,No Shelter,F,6,6,2,dup new,,
18,13,No Shelter,F,7,7,1,dup new,,
18,13,No Shelter,F,8,8,1,dup new,sterile,
18,13,No Shelter,F,9,9,2,,,
18,13,No Shelter,F,10,10,3,,,
18,13,No Shelter,B,1,1,1,dup new,,
18,13,No Shelter,B,2,2,1,dup new,sterile,
18,13,No Shelter,B,3,3,2,dup new,,
18,13,No Shelter,B,4,4,3,,,
18,13,No Shelter,B,5,5,3,,,Sill somewhat unbleached 
18,13,No Shelter,B,6,6,1,dup new,,
18,13,No Shelter,B,7,7,1,dup new,,
18,13,No Shelter,B,8,8,1,dup new,sterile,
18,13,No Shelter,B,9,9,3,,,
18,13,No Shelter,B,10,10,1,,,
18,14,UVblock,F,1,1,2,dup new,,
18,14,UVblock,F,2,2,2,dup new,,
18,14,UVblock,F,3,3,1,dup new,sterile,
18,14,UVblock,F,4,4,3,,,
18,14,UVblock,F,5,5,2,dup new,,
18,14,UVblock,F,6,6,3,,,
18,14,UVblock,F,7,7,1,dup new,sterile,
18,14,UVblock,F,8,8,1,dup new,,
18,14,UVblock,F,9,9,3,,,
18,14,UVblock,F,10,10,3,,,
18,14,UVblock,B,1,1,1,dup new,,
18,14,UVblock,B,2,2,2,dup new,,
18,14,UVblock,B,3,3,1,dup new,sterile,
18,14,UVblock,B,4,4,3,,,
18,14,UVblock,B,5,5,2,dup new,,
18,14,UVblock,B,6,6,3,,,
18,14,UVblock,B,7,7,1,dup new,sterile,
18,14,UVblock,B,8,8,1,dup new,,
18,14,UVblock,B,9,9,2,,,
18,14,UVblock,B,10,10,2,,,mostly unbleached but with large crack
18,15,No Shelter,F,1,1,4,,,
18,15,No Shelter,F,2,2,4,,,Sanded
18,15,No Shelter,F,3,3,1,dup new,,
18,15,No Shelter,F,4,4,3,,,
18,15,No Shelter,F,5,5,1,dup new,sterile,
18,15,No Shelter,F,6,6,2,dup new,,
18,15,No Shelter,F,7,7,3,,,
18,15,No Shelter,F,8,8,1,dup new,,
18,15,No Shelter,F,9,9,1,dup new,sterile,
18,15,No Shelter,F,10,10,1,dup new,,
18,15,No Shelter,B,1,1,2,,,
18,15,No Shelter,B,2,2,3,,,
18,15,No Shelter,B,3,3,1,dup new,,
18,15,No Shelter,B,4,4,2,,,
18,15,No Shelter,B,5,5,1,dup new,sterile,
18,15,No Shelter,B,6,6,2,dup new,,
18,15,No Shelter,B,7,7,2,,,
18,15,No Shelter,B,8,8,1,dup new,,
18,15,No Shelter,B,9,9,1,dup new,sterile,
18,15,No Shelter,B,10,10,1,dup new,,
18,16,Shade,F,1,1,2,dup new,sterile,
18,16,Shade,F,2,2,2,,,mostly unbleached but with large hole
18,16,Shade,F,3,3,3,,,
18,16,Shade,F,4,4,1,dup new,sterile,
18,16,Shade,F,5,5,3,,,
18,16,Shade,F,6,6,2,dup new,,
18,16,Shade,F,7,7,3,,,
18,16,Shade,F,8,8,1,dup new,,
18,16,Shade,F,9,9,1,dup new,,
18,16,Shade,F,10,10,2,dup new,,
18,16,Shade,B,1,1,2,dup new,sterile,
18,16,Shade,B,2,2,3,,,
18,16,Shade,B,3,3,2,,,
18,16,Shade,B,4,4,1,dup new,sterile,
18,16,Shade,B,5,5,2,,,
18,16,Shade,B,6,6,2,dup new,,
18,16,Shade,B,7,7,2,,,
18,16,Shade,B,8,8,2,dup new,,
18,16,Shade,B,9,9,1,dup new,,
18,16,Shade,B,10,10,2,dup new,,
18,17,UVblock,F,1,1,1,dup new,,
18,17,UVblock,F,2,2,1,dup new,,
18,17,UVblock,F,3,3,3,,,
18,17,UVblock,F,4,4,1,dup new,sterile,
18,17,UVblock,F,5,5,3,,,
18,17,UVblock,F,6,6,3,,,
18,17,UVblock,F,7,7,2,dup new,sterile,
18,17,UVblock,F,8,8,1,dup new,,
18,17,UVblock,F,9,9,2,dup new,,
18,17,UVblock,F,10,10,3,,,
18,17,UVblock,B,1,1,2,dup new,,
18,17,UVblock,B,2,2,2,dup new,,
18,17,UVblock,B,3,3,3,,,
18,17,UVblock,B,4,4,1,dup new,sterile,
18,17,UVblock,B,5,5,3,,,
18,17,UVblock,B,6,6,3,,,
18,17,UVblock,B,7,7,1,dup new,sterile,
18,17,UVblock,B,8,8,2,dup new,,
18,17,UVblock,B,9,9,2,dup new,,
18,17,UVblock,B,10,10,3,,,
18,18,UVpass,F,1,1,3,,,
18,18,UVpass,F,2,2,1,dup new,,
18,18,UVpass,F,3,3,1,dup new,,
18,18,UVpass,F,4,4,3,,,
18,18,UVpass,F,5,5,1,dup new,,
18,18,UVpass,F,6,6,1,dup new,sterile,
18,18,UVpass,F,7,7,3,,,
18,18,UVpass,F,8,8,1,dup new,,
18,18,UVpass,F,9,9,1,dup new,sterile,
18,18,UVpass,F,10,10,4,,,
18,18,UVpass,B,1,1,3,,,
18,18,UVpass,B,2,2,1,dup new,,
18,18,UVpass,B,3,3,1,dup new,,
18,18,UVpass,B,4,4,2,,,
18,18,UVpass,B,5,5,1,dup new,,
18,18,UVpass,B,6,6,1,dup new,sterile,
18,18,UVpass,B,7,7,3,,,
18,18,UVpass,B,8,8,1,dup new,,
18,18,UVpass,B,9,9,2,dup new,sterile,
18,18,UVpass,B,10,10,3,,,
18,19,No Shelter,F,1,1,3,,,
18,19,No Shelter,F,2,2,4,,,
18,19,No Shelter,F,3,3,1,dup new,sterile,
18,19,No Shelter,F,4,4,3,,,
18,19,No Shelter,F,5,5,1,dup new,sterile,
18,19,No Shelter,F,6,6,4,,,
18,19,No Shelter,F,7,7,2,dup new,,
18,19,No Shelter,F,8,8,1,dup new,,
18,19,No Shelter,F,9,9,2,dup new,,
18,19,No Shelter,F,10,10,2,dup new,,
18,19,No Shelter,B,1,1,3,,,
18,19,No Shelter,B,2,2,3,,,
18,19,No Shelter,B,3,3,1,dup new,sterile,
18,19,No Shelter,B,4,4,2,,,
18,19,No Shelter,B,5,5,1,dup new,sterile,
18,19,No Shelter,B,6,6,3,,,
18,19,No Shelter,B,7,7,2,dup new,,
18,19,No Shelter,B,8,8,1,dup new,,
18,19,No Shelter,B,9,9,1,dup new,,
18,19,No Shelter,B,10,10,2,dup new,,
18,20,UVpass,F,1,1,2,dup new,,
18,20,UVpass,F,2,2,3,,,
18,20,UVpass,F,3,3,1,dup new,sterile,
18,20,UVpass,F,4,4,3,,,
18,20,UVpass,F,5,5,1,dup new,sterile,
18,20,UVpass,F,6,6,3,,,
18,20,UVpass,F,7,7,1,dup new,,
18,20,UVpass,F,8,8,4,,,
18,20,UVpass,F,9,9,1,dup new,,
18,20,UVpass,F,10,10,2,dup new,,
18,20,UVpass,B,1,1,2,dup new,,
18,20,UVpass,B,2,2,3,,,
18,20,UVpass,B,3,3,1,dup new,sterile,
18,20,UVpass,B,4,4,3,,,
18,20,UVpass,B,5,5,1,dup new,sterile,
18,20,UVpass,B,6,6,3,,,
18,20,UVpass,B,7,7,2,dup new,,
18,20,UVpass,B,8,8,3,,,
18,20,UVpass,B,9,9,2,dup new,,
18,20,UVpass,B,10,10,2,dup new,,
18,21,Shade,F,1,1,1,dup new,,
18,21,Shade,F,2,2,2,dup new,sterile,
18,21,Shade,F,3,3,3,,,
18,21,Shade,F,4,4,1,dup new,sterile,
18,21,Shade,F,5,5,3,dup new,,no cracks but party bleached 
18,21,Shade,F,6,6,2,dup new,,
18,21,Shade,F,7,7,2,dup new,,
18,21,Shade,F,8,8,2,,,
18,21,Shade,F,9,9,2,,,
18,21,Shade,F,10,10,3,,,
18,21,Shade,B,1,1,1,dup new,,
18,21,Shade,B,2,2,1,dup new,sterile,
18,21,Shade,B,3,3,3,,,
18,21,Shade,B,4,4,1,dup new,sterile,
18,21,Shade,B,5,5,2,dup new,,
18,21,Shade,B,6,6,2,dup new,,
18,21,Shade,B,7,7,1,dup new,,
18,21,Shade,B,8,8,2,,,
18,21,Shade,B,9,9,2,,,
18,21,Shade,B,10,10,3,,,
18,22,No Shelter,F,1,1,1,dup new,,
18,22,No Shelter,F,2,2,1,dup new,sterile,
18,22,No Shelter,F,3,3,4,,,
18,22,No Shelter,F,4,4,3,,,
18,22,No Shelter,F,5,5,3,,,
18,22,No Shelter,F,6,6,3,,,
18,22,No Shelter,F,7,7,1,dup new,,
18,22,No Shelter,F,8,8,1,dup new,sterile,
18,22,No Shelter,F,9,9,2,dup new,,
18,22,No Shelter,F,10,10,2,dup new,,
18,22,No Shelter,B,1,1,1,dup new,,
18,22,No Shelter,B,2,2,1,dup new,sterile,
18,22,No Shelter,B,3,3,3,,,
18,22,No Shelter,B,4,4,2,,,
18,22,No Shelter,B,5,5,2,,,
18,22,No Shelter,B,6,6,3,,,
18,22,No Shelter,B,7,7,2,dup new,,
18,22,No Shelter,B,8,8,1,dup new,sterile,
18,22,No Shelter,B,9,9,1,dup new,,
18,22,No Shelter,B,10,10,2,dup new,,
18,23,UVpass,F,1,1,1,dup new,,
18,23,UVpass,F,2,2,3,,,
18,23,UVpass,F,3,3,3,,,
18,23,UVpass,F,4,4,1,dup new,,
18,23,UVpass,F,5,5,2,dup new,,
18,23,UVpass,F,6,6,2,dup new,,
18,23,UVpass,F,7,7,1,dup new,sterile,
18,23,UVpass,F,8,8,1,dup new,sterile,
18,23,UVpass,F,9,9,3,,,
18,23,UVpass,F,10,10,3,,,
18,23,UVpass,B,1,1,1,dup new,,
18,23,UVpass,B,2,2,3,,,
18,23,UVpass,B,3,3,2,,,
18,23,UVpass,B,4,4,2,dup new,,
18,23,UVpass,B,5,5,2,dup new,,
18,23,UVpass,B,6,6,2,dup new,,
18,23,UVpass,B,7,7,1,dup new,sterile,
18,23,UVpass,B,8,8,2,dup new,sterile,
18,23,UVpass,B,9,9,3,,,
18,23,UVpass,B,10,10,3,,,
18,24,UVblock,F,1,1,3,,,
18,24,UVblock,F,2,2,2,dup new,,
18,24,UVblock,F,3,3,3,,,
18,24,UVblock,F,4,4,1,dup new,,
18,24,UVblock,F,5,5,1,dup new,,
18,24,UVblock,F,6,6,1,dup new,sterile,
18,24,UVblock,F,7,7,1,dup new,,
18,24,UVblock,F,8,8,4,,,
18,24,UVblock,F,9,9,1,dup new,sterile,
18,24,UVblock,F,10,10,3,,,
18,24,UVblock,B,1,1,4,,,
18,24,UVblock,B,2,2,2,dup new,,
18,24,UVblock,B,3,3,3,,,
18,24,UVblock,B,4,4,2,dup new,,
18,24,UVblock,B,5,5,1,dup new,,
18,24,UVblock,B,6,6,1,dup new,sterile,
18,24,UVblock,B,7,7,2,dup new,,
18,24,UVblock,B,8,8,3,,,
18,24,UVblock,B,9,9,2,dup new,sterile,
18,24,UVblock,B,10,10,3,,,
30,1,No Shelter,F,1,1,3,dup,,
30,1,No Shelter,F,2,2,5,,,
30,1,No Shelter,F,3,3,5,,,
30,1,No Shelter,F,4,4,3,dup,,
30,1,No Shelter,F,5,5,3,dup,sterile,
30,1,No Shelter,F,6,6,5,,,
30,1,No Shelter,F,7,7,5,,,
30,1,No Shelter,F,8,8,2,dup,sterile,
30,1,No Shelter,F,9,9,3,dup,,
30,1,No Shelter,F,10,10,3,dup,,
30,1,No Shelter,B,1,1,2,dup,,
30,1,No Shelter,B,2,2,3,,,
30,1,No Shelter,B,3,3,4,,,
30,1,No Shelter,B,4,4,1,dup,,
30,1,No Shelter,B,5,5,1,dup,sterile,
30,1,No Shelter,B,6,6,3,,,
30,1,No Shelter,B,7,7,3,,,
30,1,No Shelter,B,8,8,1,dup,sterile,
30,1,No Shelter,B,9,9,1,dup,,
30,1,No Shelter,B,10,10,2,dup,,
30,2,UVpass,F,1,1,5,,,
30,2,UVpass,F,2,2,2,dup,,
30,2,UVpass,F,3,3,3,dup,,
30,2,UVpass,F,4,4,4,,,
30,2,UVpass,F,5,5,4,,,
30,2,UVpass,F,6,6,3,dup,,
30,2,UVpass,F,7,7,2,dup,,
30,2,UVpass,F,8,8,5,,,
30,2,UVpass,F,9,9,3,dup,sterile,
30,2,UVpass,F,10,10,3,dup,sterile,
30,2,UVpass,B,1,1,3,,,
30,2,UVpass,B,2,2,1,dup,,
30,2,UVpass,B,3,3,2,dup,,
30,2,UVpass,B,4,4,4,,,
30,2,UVpass,B,5,5,4,,,
30,2,UVpass,B,6,6,2,dup,,
30,2,UVpass,B,7,7,1,dup,,
30,2,UVpass,B,8,8,3,,,
30,2,UVpass,B,9,9,1,dup,sterile,
30,2,UVpass,B,10,10,1,dup,sterile,
30,3,UVblock,F,1,1,4,,,
30,3,UVblock,F,2,2,4,,,
30,3,UVblock,F,3,3,3,dup,sterile,
30,3,UVblock,F,4,4,1,dup,,
30,3,UVblock,F,5,5,2,dup,,
30,3,UVblock,F,6,6,2,dup,sterile,
30,3,UVblock,F,7,7,2,dup,,
30,3,UVblock,F,8,8,4,,,
30,3,UVblock,F,9,9,3,dup,,
30,3,UVblock,F,10,10,4,,,
30,3,UVblock,B,1,1,3,,,
30,3,UVblock,B,2,2,4,,,
30,3,UVblock,B,3,3,2,dup,sterile,
30,3,UVblock,B,4,4,2,dup,,
30,3,UVblock,B,5,5,1,dup,,
30,3,UVblock,B,6,6,2,dup,sterile,
30,3,UVblock,B,7,7,2,dup,,
30,3,UVblock,B,8,8,3,,,
30,3,UVblock,B,9,9,1,dup,,
30,3,UVblock,B,10,10,3,,,
30,4,Shade,F,1,1,3,,,
30,4,Shade,F,2,2,2,dup,,
30,4,Shade,F,3,3,3,dup,,
30,4,Shade,F,4,4,3,dup,sterile,
30,4,Shade,F,5,5,4,,,
30,4,Shade,F,6,6,2,dup,,
30,4,Shade,F,7,7,4,,,
30,4,Shade,F,8,8,2,dup,,
30,4,Shade,F,9,9,4,,,
30,4,Shade,F,10,10,2,dup,sterile,
30,4,Shade,B,1,1,2,,,
30,4,Shade,B,2,2,3,dup,,
30,4,Shade,B,3,3,3,dup,,
30,4,Shade,B,4,4,2,dup,sterile,
30,4,Shade,B,5,5,3,,,
30,4,Shade,B,6,6,2,dup,,
30,4,Shade,B,7,7,4,,,
30,4,Shade,B,8,8,2,dup,,
30,4,Shade,B,9,9,3,,,
30,4,Shade,B,10,10,1,dup,sterile,
30,5,UVblock,F,1,1,2,dup,sterile,
30,5,UVblock,F,2,2,2,dup,,
30,5,UVblock,F,3,3,3,dup,sterile,
30,5,UVblock,F,4,4,2,dup,,
30,5,UVblock,F,5,5,4,,,
30,5,UVblock,F,6,6,1,dup,,
30,5,UVblock,F,7,7,5,,,
30,5,UVblock,F,8,8,4,,,
30,5,UVblock,F,9,9,3,dup,,
30,5,UVblock,F,10,10,4,,,
30,5,UVblock,B,1,1,1,dup,sterile,
30,5,UVblock,B,2,2,1,dup,,
30,5,UVblock,B,3,3,2,dup,sterile,
30,5,UVblock,B,4,4,2,dup,,
30,5,UVblock,B,5,5,3,,,
30,5,UVblock,B,6,6,2,dup,,
30,5,UVblock,B,7,7,3,,,
30,5,UVblock,B,8,8,3,,,
30,5,UVblock,B,9,9,3,dup,,
30,5,UVblock,B,10,10,3,,,
30,6,UVblock,F,1,1,4,,,
30,6,UVblock,F,2,2,2,dup,sterile,
30,6,UVblock,F,3,3,3,dup,,
30,6,UVblock,F,4,4,3,dup,,
30,6,UVblock,F,5,5,4,,,
30,6,UVblock,F,6,6,2,dup,,
30,6,UVblock,F,7,7,3,dup,sterile,
30,6,UVblock,F,8,8,4,,,
30,6,UVblock,F,9,9,3,,,
30,6,UVblock,F,10,10,3,dup,,
30,6,UVblock,B,1,1,4,,,
30,6,UVblock,B,2,2,2,dup,sterile,
30,6,UVblock,B,3,3,2,dup,,
30,6,UVblock,B,4,4,3,dup,,
30,6,UVblock,B,5,5,3,,,
30,6,UVblock,B,6,6,2,dup,,
30,6,UVblock,B,7,7,1,dup,sterile,
30,6,UVblock,B,8,8,3,,,
30,6,UVblock,B,9,9,3,,,
30,6,UVblock,B,10,10,2,dup,,
30,7,No Shelter,F,1,1,2,dup,sterile,
30,7,No Shelter,F,2,2,2,dup,,
30,7,No Shelter,F,3,3,3,dup,,
30,7,No Shelter,F,4,4,3,dup,,
30,7,No Shelter,F,5,5,3,dup,,
30,7,No Shelter,F,6,6,5,,,
30,7,No Shelter,F,7,7,5,,,
30,7,No Shelter,F,8,8,3,dup,sterile,
30,7,No Shelter,F,9,9,4,,,
30,7,No Shelter,F,10,10,4,,,
30,7,No Shelter,B,1,1,1,dup,sterile,
30,7,No Shelter,B,2,2,1,dup,,
30,7,No Shelter,B,3,3,2,dup,,
30,7,No Shelter,B,4,4,2,dup,,
30,7,No Shelter,B,5,5,2,dup,,
30,7,No Shelter,B,6,6,3,,,
30,7,No Shelter,B,7,7,4,,,
30,7,No Shelter,B,8,8,2,dup,sterile,
30,7,No Shelter,B,9,9,3,,,
30,7,No Shelter,B,10,10,3,,,
30,8,Shade,F,1,1,5,,,
30,8,Shade,F,2,2,3,dup,sterile,
30,8,Shade,F,3,3,1,dup,,
30,8,Shade,F,4,4,3,dup,,
30,8,Shade,F,5,5,4,,,
30,8,Shade,F,6,6,2,dup,sterile,
30,8,Shade,F,7,7,4,,,
30,8,Shade,F,8,8,3,dup,,
30,8,Shade,F,9,9,3,,,
30,8,Shade,F,10,10,2,dup,,
30,8,Shade,B,1,1,3,,,
30,8,Shade,B,2,2,2,dup,sterile,
30,8,Shade,B,3,3,1,dup,,
30,8,Shade,B,4,4,1,dup,,
30,8,Shade,B,5,5,3,,,
30,8,Shade,B,6,6,1,dup,sterile,
30,8,Shade,B,7,7,3,,,
30,8,Shade,B,8,8,3,dup,,
30,8,Shade,B,9,9,3,,,
30,8,Shade,B,10,10,3,dup,,
30,9,UVpass,F,1,1,2,dup,sterile,
30,9,UVpass,F,2,2,2,dup,,
30,9,UVpass,F,3,3,3,,,
30,9,UVpass,F,4,4,3,,,
30,9,UVpass,F,5,5,3,dup,,
30,9,UVpass,F,6,6,4,,,
30,9,UVpass,F,7,7,1,dup,,
30,9,UVpass,F,8,8,3,dup,,
30,9,UVpass,F,9,9,4,,,
30,9,UVpass,F,10,10,1,dup,sterile,
30,9,UVpass,B,1,1,2,dup,sterile,
30,9,UVpass,B,2,2,3,dup,,
30,9,UVpass,B,3,3,3,,,
30,9,UVpass,B,4,4,4,,,
30,9,UVpass,B,5,5,2,dup,,
30,9,UVpass,B,6,6,3,,,
30,9,UVpass,B,7,7,2,dup,,
30,9,UVpass,B,8,8,1,dup,,
30,9,UVpass,B,9,9,3,,,
30,9,UVpass,B,10,10,2,dup,sterile,
30,10,Shade,F,1,1,2,dup,sterile,
30,10,Shade,F,2,2,4,,,
30,10,Shade,F,3,3,3,,,
30,10,Shade,F,4,4,2,dup,,
30,10,Shade,F,5,5,4,,,
30,10,Shade,F,6,6,2,dup,,
30,10,Shade,F,7,7,3,dup,,
30,10,Shade,F,8,8,4,,,
30,10,Shade,F,9,9,3,dup,sterile,
30,10,Shade,F,10,10,1,dup,,
30,10,Shade,B,1,1,1,dup,sterile,
30,10,Shade,B,2,2,3,,,
30,10,Shade,B,3,3,4,,,
30,10,Shade,B,4,4,1,dup,,
30,10,Shade,B,5,5,4,,,
30,10,Shade,B,6,6,2,dup,,
30,10,Shade,B,7,7,2,dup,,
30,10,Shade,B,8,8,4,,,
30,10,Shade,B,9,9,2,dup,sterile,
30,10,Shade,B,10,10,1,dup,,
30,11,UVpass,F,1,1,3,dup,,
30,11,UVpass,F,2,2,2,dup,,
30,11,UVpass,F,3,3,2,dup,,
30,11,UVpass,F,4,4,3,dup,sterile,
30,11,UVpass,F,5,5,5,,,
30,11,UVpass,F,6,6,5,,,
30,11,UVpass,F,7,7,5,,,
30,11,UVpass,F,8,8,4,,,
30,11,UVpass,F,9,9,2,dup,,
30,11,UVpass,F,10,10,3,dup,sterile,
30,11,UVpass,B,1,1,2,dup,,
30,11,UVpass,B,2,2,2,dup,,
30,11,UVpass,B,3,3,1,dup,,
30,11,UVpass,B,4,4,2,dup,sterile,
30,11,UVpass,B,5,5,4,,,
30,11,UVpass,B,6,6,3,,,
30,11,UVpass,B,7,7,3,,,
30,11,UVpass,B,8,8,3,,,
30,11,UVpass,B,9,9,2,dup,,
30,11,UVpass,B,10,10,2,dup,sterile,
30,12,Shade,F,1,1,4,,,
30,12,Shade,F,2,2,4,,,
30,12,Shade,F,3,3,3,dup,,
30,12,Shade,F,4,4,3,,,
30,12,Shade,F,5,5,3,dup,,
30,12,Shade,F,6,6,4,,,
30,12,Shade,F,7,7,2,dup,sterile,
30,12,Shade,F,8,8,3,dup,,
30,12,Shade,F,9,9,2,dup,,
30,12,Shade,F,10,10,2,dup,sterile,
30,12,Shade,B,1,1,3,,,
30,12,Shade,B,2,2,3,,,
30,12,Shade,B,3,3,2,dup,,
30,12,Shade,B,4,4,3,,,
30,12,Shade,B,5,5,3,dup,,
30,12,Shade,B,6,6,3,,,
30,12,Shade,B,7,7,1,dup,sterile,
30,12,Shade,B,8,8,2,dup,,
30,12,Shade,B,9,9,2,dup,,
30,12,Shade,B,10,10,1,dup,sterile,
30,13,No Shelter,F,1,1,3,dup,,
30,13,No Shelter,F,2,2,3,dup,sterile,
30,13,No Shelter,F,3,3,3,dup,,
30,13,No Shelter,F,4,4,5,,,
30,13,No Shelter,F,5,5,5,,,
30,13,No Shelter,F,6,6,2,dup,,
30,13,No Shelter,F,7,7,2,dup,,
30,13,No Shelter,F,8,8,3,dup,sterile,
30,13,No Shelter,F,9,9,4,,,
30,13,No Shelter,F,10,10,5,,,
30,13,No Shelter,B,1,1,2,dup,,
30,13,No Shelter,B,2,2,2,dup,sterile,
30,13,No Shelter,B,3,3,2,dup,,
30,13,No Shelter,B,4,4,3,,,
30,13,No Shelter,B,5,5,3,,,
30,13,No Shelter,B,6,6,2,dup,,
30,13,No Shelter,B,7,7,3,dup,,
30,13,No Shelter,B,8,8,2,dup,sterile,
30,13,No Shelter,B,9,9,3,,,
30,13,No Shelter,B,10,10,3,,,
30,14,UVblock,F,1,1,2,dup,,
30,14,UVblock,F,2,2,2,dup,,
30,14,UVblock,F,3,3,3,dup,sterile,
30,14,UVblock,F,4,4,4,,,
30,14,UVblock,F,5,5,1,dup,,
30,14,UVblock,F,6,6,3,,,
30,14,UVblock,F,7,7,2,dup,sterile,
30,14,UVblock,F,8,8,2,dup,,
30,14,UVblock,F,9,9,4,,,
30,14,UVblock,F,10,10,4,,,
30,14,UVblock,B,1,1,2,dup,,
30,14,UVblock,B,2,2,2,dup,,
30,14,UVblock,B,3,3,3,dup,sterile,
30,14,UVblock,B,4,4,4,,,
30,14,UVblock,B,5,5,2,dup,,
30,14,UVblock,B,6,6,3,,,
30,14,UVblock,B,7,7,2,dup,sterile,
30,14,UVblock,B,8,8,1,dup,,
30,14,UVblock,B,9,9,3,,,
30,14,UVblock,B,10,10,3,,,
30,15,No Shelter,F,1,1,5,,,
30,15,No Shelter,F,2,2,5,,,
30,15,No Shelter,F,3,3,3,dup,,
30,15,No Shelter,F,4,4,4,,,
30,15,No Shelter,F,5,5,3,dup,sterile,
30,15,No Shelter,F,6,6,3,dup,,
30,15,No Shelter,F,7,7,5,,,
30,15,No Shelter,F,8,8,3,dup,,
30,15,No Shelter,F,9,9,3,dup,sterile,
30,15,No Shelter,F,10,10,2,dup,,
30,15,No Shelter,B,1,1,3,,,
30,15,No Shelter,B,2,2,3,,,
30,15,No Shelter,B,3,3,2,dup,,
30,15,No Shelter,B,4,4,3,,,
30,15,No Shelter,B,5,5,2,dup,sterile,
30,15,No Shelter,B,6,6,3,dup,,
30,15,No Shelter,B,7,7,2,,,
30,15,No Shelter,B,8,8,1,dup,,
30,15,No Shelter,B,9,9,1,dup,sterile,
30,15,No Shelter,B,10,10,1,dup,,
30,16,Shade,F,1,1,3,dup,sterile,
30,16,Shade,F,2,2,3,,,
30,16,Shade,F,3,3,3,,,
30,16,Shade,F,4,4,3,dup,sterile,
30,16,Shade,F,5,5,4,,,
30,16,Shade,F,6,6,2,dup,,
30,16,Shade,F,7,7,4,,,
30,16,Shade,F,8,8,3,dup,,
30,16,Shade,F,9,9,3,dup,,
30,16,Shade,F,10,10,3,dup,,
30,16,Shade,B,1,1,2,dup,sterile,
30,16,Shade,B,2,2,3,,,
30,16,Shade,B,3,3,3,,,
30,16,Shade,B,4,4,2,dup,sterile,
30,16,Shade,B,5,5,3,,,
30,16,Shade,B,6,6,2,dup,,
30,16,Shade,B,7,7,3,,,
30,16,Shade,B,8,8,2,dup,,
30,16,Shade,B,9,9,1,dup,,
30,16,Shade,B,10,10,2,dup,,
30,17,UVblock,F,1,1,3,dup,,
30,17,UVblock,F,2,2,3,dup,,
30,17,UVblock,F,3,3,5,,,
30,17,UVblock,F,4,4,3,dup,sterile,
30,17,UVblock,F,5,5,4,,,
30,17,UVblock,F,6,6,3,,,
30,17,UVblock,F,7,7,2,dup,sterile,
30,17,UVblock,F,8,8,3,dup,,
30,17,UVblock,F,9,9,1,dup,,
30,17,UVblock,F,10,10,4,,,
30,17,UVblock,B,1,1,1,dup,,
30,17,UVblock,B,2,2,3,dup,,
30,17,UVblock,B,3,3,4,,,
30,17,UVblock,B,4,4,2,dup,sterile,
30,17,UVblock,B,5,5,3,,,
30,17,UVblock,B,6,6,3,,,
30,17,UVblock,B,7,7,2,dup,sterile,
30,17,UVblock,B,8,8,1,dup,,
30,17,UVblock,B,9,9,1,dup,,
30,17,UVblock,B,10,10,4,,,
30,18,UVpass,F,1,1,4,,,
30,18,UVpass,F,2,2,2,dup,,
30,18,UVpass,F,3,3,1,dup,,
30,18,UVpass,F,4,4,4,,,
30,18,UVpass,F,5,5,2,dup,,
30,18,UVpass,F,6,6,3,dup,sterile,
30,18,UVpass,F,7,7,4,,,
30,18,UVpass,F,8,8,2,dup,,
30,18,UVpass,F,9,9,3,dup,sterile,
30,18,UVpass,F,10,10,4,,,
30,18,UVpass,B,1,1,3,,,
30,18,UVpass,B,2,2,1,dup,,
30,18,UVpass,B,3,3,3,dup,,
30,18,UVpass,B,4,4,2,,,
30,18,UVpass,B,5,5,2,dup,,
30,18,UVpass,B,6,6,1,dup,sterile,
30,18,UVpass,B,7,7,4,,,
30,18,UVpass,B,8,8,2,dup,,
30,18,UVpass,B,9,9,1,dup,sterile,
30,18,UVpass,B,10,10,3,,,
30,19,No Shelter,F,1,1,4,,,
30,19,No Shelter,F,2,2,5,,,
30,19,No Shelter,F,3,3,2,dup,sterile,
30,19,No Shelter,F,4,4,4,,,
30,19,No Shelter,F,5,5,3,dup,sterile,
30,19,No Shelter,F,6,6,5,,,
30,19,No Shelter,F,7,7,3,dup,,
30,19,No Shelter,F,8,8,3,dup,,
30,19,No Shelter,F,9,9,4,dup,,
30,19,No Shelter,F,10,10,4,dup,,
30,19,No Shelter,B,1,1,4,,,
30,19,No Shelter,B,2,2,3,,,
30,19,No Shelter,B,3,3,3,dup,sterile,
30,19,No Shelter,B,4,4,3,,,
30,19,No Shelter,B,5,5,2,dup,sterile,
30,19,No Shelter,B,6,6,3,,,
30,19,No Shelter,B,7,7,3,dup,,
30,19,No Shelter,B,8,8,3,dup,,
30,19,No Shelter,B,9,9,1,dup,,
30,19,No Shelter,B,10,10,2,dup,,
30,20,UVpass,F,1,1,3,dup,,
30,20,UVpass,F,2,2,4,,,
30,20,UVpass,F,3,3,3,dup,sterile,
30,20,UVpass,F,4,4,4,,,
30,20,UVpass,F,5,5,4,dup,sterile,
30,20,UVpass,F,6,6,5,,,
30,20,UVpass,F,7,7,3,dup,,
30,20,UVpass,F,8,8,5,,,
30,20,UVpass,F,9,9,3,dup,,
30,20,UVpass,F,10,10,2,dup,,
30,20,UVpass,B,1,1,2,dup,,
30,20,UVpass,B,2,2,3,,,
30,20,UVpass,B,3,3,1,dup,sterile,
30,20,UVpass,B,4,4,3,,,
30,20,UVpass,B,5,5,1,dup,sterile,
30,20,UVpass,B,6,6,3,,,
30,20,UVpass,B,7,7,2,dup,,
30,20,UVpass,B,8,8,3,,,
30,20,UVpass,B,9,9,2,dup,,
30,20,UVpass,B,10,10,2,dup,,
30,21,Shade,F,1,1,3,dup,,
30,21,Shade,F,2,2,2,dup,sterile,
30,21,Shade,F,3,3,4,,,
30,21,Shade,F,4,4,2,dup,sterile,
30,21,Shade,F,5,5,2,dup,,
30,21,Shade,F,6,6,3,dup,,
30,21,Shade,F,7,7,2,dup,,
30,21,Shade,F,8,8,3,,,
30,21,Shade,F,9,9,4,,,
30,21,Shade,F,10,10,4,,,
30,21,Shade,B,1,1,2,dup,,
30,21,Shade,B,2,2,1,dup,sterile,
30,21,Shade,B,3,3,3,,,
30,21,Shade,B,4,4,2,dup,sterile,
30,21,Shade,B,5,5,1,dup,,
30,21,Shade,B,6,6,3,dup,,
30,21,Shade,B,7,7,3,dup,,
30,21,Shade,B,8,8,3,,,
30,21,Shade,B,9,9,3,,,
30,21,Shade,B,10,10,3,,,
30,22,No Shelter,F,1,1,4,dup,,
30,22,No Shelter,F,2,2,3,dup,sterile,
30,22,No Shelter,F,3,3,5,,,
30,22,No Shelter,F,4,4,5,,,
30,22,No Shelter,F,5,5,4,,,
30,22,No Shelter,F,6,6,4,,,
30,22,No Shelter,F,7,7,3,dup,,
30,22,No Shelter,F,8,8,2,dup,sterile,
30,22,No Shelter,F,9,9,3,dup,,
30,22,No Shelter,F,10,10,3,dup,,
30,22,No Shelter,B,1,1,2,dup,,
30,22,No Shelter,B,2,2,2,dup,sterile,
30,22,No Shelter,B,3,3,4,,,
30,22,No Shelter,B,4,4,3,,,
30,22,No Shelter,B,5,5,3,,,
30,22,No Shelter,B,6,6,5,,,
30,22,No Shelter,B,7,7,3,dup,,
30,22,No Shelter,B,8,8,1,dup,sterile,
30,22,No Shelter,B,9,9,3,dup,,
30,22,No Shelter,B,10,10,3,dup,,
30,23,UVpass,F,1,1,3,dup,,
30,23,UVpass,F,2,2,5,,,
30,23,UVpass,F,3,3,4,,,
30,23,UVpass,F,4,4,3,dup,,
30,23,UVpass,F,5,5,3,dup,,
30,23,UVpass,F,6,6,1,dup,,
30,23,UVpass,F,7,7,3,dup,sterile,
30,23,UVpass,F,8,8,3,dup,sterile,
30,23,UVpass,F,9,9,3,,,
30,23,UVpass,F,10,10,5,,,
30,23,UVpass,B,1,1,3,dup,,
30,23,UVpass,B,2,2,4,,,
30,23,UVpass,B,3,3,3,,,
30,23,UVpass,B,4,4,3,dup,,
30,23,UVpass,B,5,5,2,dup,,
30,23,UVpass,B,6,6,2,dup,,
30,23,UVpass,B,7,7,2,dup,sterile,
30,23,UVpass,B,8,8,2,dup,sterile,
30,23,UVpass,B,9,9,4,,,
30,23,UVpass,B,10,10,3,,,
30,24,UVblock,F,1,1,4,,,
30,24,UVblock,F,2,2,3,dup,,
30,24,UVblock,F,3,3,4,,,
30,24,UVblock,F,4,4,2,dup,,
30,24,UVblock,F,5,5,3,dup,,
30,24,UVblock,F,6,6,3,dup,sterile,
30,24,UVblock,F,7,7,2,dup,,
30,24,UVblock,F,8,8,4,,,
30,24,UVblock,F,9,9,3,dup,sterile,
30,24,UVblock,F,10,10,4,,,
30,24,UVblock,B,1,1,4,,,
30,24,UVblock,B,2,2,1,dup,,
30,24,UVblock,B,3,3,4,,,
30,24,UVblock,B,4,4,2,dup,,
30,24,UVblock,B,5,5,1,dup,,
30,24,UVblock,B,6,6,3,dup,sterile,
30,24,UVblock,B,7,7,2,dup,,
30,24,UVblock,B,8,8,3,,,
30,24,UVblock,B,9,9,2,dup,sterile,
30,24,UVblock,B,10,10,3,,,
36,1,No Shelter,F,1,1,4,dup,,
36,1,No Shelter,F,2,2,5,,,
36,1,No Shelter,F,3,4,4,dup,,
36,1,No Shelter,F,4,5,3,dup,sterile,
36,1,No Shelter,F,5,6,5,,,
36,1,No Shelter,F,6,8,3,dup,sterile,
36,1,No Shelter,F,7,9,4,dup,,
36,1,No Shelter,F,8,10,3,dup,,
36,1,No Shelter,B,1,1,2,dup,,
36,1,No Shelter,B,2,2,4,,,
36,1,No Shelter,B,3,4,2,dup,,
36,1,No Shelter,B,4,5,2,dup,sterile,
36,1,No Shelter,B,5,6,4,,,
36,1,No Shelter,B,6,8,2,dup,sterile,
36,1,No Shelter,B,7,9,2,dup,,
36,1,No Shelter,B,8,10,3,dup,,
36,2,UVpass,F,1,2,2,dup,,
36,2,UVpass,F,2,3,3,dup,,
36,2,UVpass,F,3,5,4,,,
36,2,UVpass,F,4,6,3,dup,,
36,2,UVpass,F,5,7,3,dup,,
36,2,UVpass,F,6,8,5,,,
36,2,UVpass,F,7,9,4,dup,sterile,
36,2,UVpass,F,8,10,3,dup,sterile,
36,2,UVpass,B,1,2,2,dup,,
36,2,UVpass,B,2,3,3,dup,,
36,2,UVpass,B,3,5,4,,,
36,2,UVpass,B,4,6,3,dup,,
36,2,UVpass,B,5,7,3,dup,,
36,2,UVpass,B,6,8,4,,,
36,2,UVpass,B,7,9,2,dup,sterile,
36,2,UVpass,B,8,10,1,dup,sterile,
36,3,UVblock,F,1,1,4,,,
36,3,UVblock,F,2,2,4,,,
36,3,UVblock,F,3,3,3,dup,sterile,
36,3,UVblock,F,4,4,2,dup,,
36,3,UVblock,F,5,5,3,dup,,
36,3,UVblock,F,6,6,3,dup,sterile,
36,3,UVblock,F,7,7,2,dup,,
36,3,UVblock,F,8,9,3,dup,,
36,3,UVblock,B,1,1,4,,,
36,3,UVblock,B,2,2,4,,,
36,3,UVblock,B,3,3,3,dup,sterile,
36,3,UVblock,B,4,4,2,dup,,
36,3,UVblock,B,5,5,1,dup,,
36,3,UVblock,B,6,6,3,dup,sterile,
36,3,UVblock,B,7,7,2,dup,,
36,3,UVblock,B,8,9,3,dup,,
36,4,Shade,F,1,2,3,dup,,
36,4,Shade,F,2,3,3,dup,,
36,4,Shade,F,3,4,3,dup,sterile,
36,4,Shade,F,4,6,2,dup,,
36,4,Shade,F,5,7,3,,,
36,4,Shade,F,6,8,3,dup,,
36,4,Shade,F,7,9,3,,,
36,4,Shade,F,8,10,2,dup,sterile,
36,4,Shade,B,1,2,3,dup,,
36,4,Shade,B,2,3,3,dup,,
36,4,Shade,B,3,4,3,dup,sterile,
36,4,Shade,B,4,6,2,dup,,
36,4,Shade,B,5,7,4,,,
36,4,Shade,B,6,8,3,dup,,
36,4,Shade,B,7,9,3,,,
36,4,Shade,B,8,10,1,dup,sterile,
36,5,UVblock,F,1,1,3,dup,sterile,
36,5,UVblock,F,2,2,3,dup,,
36,5,UVblock,F,3,3,3,dup,sterile,
36,5,UVblock,F,4,4,3,dup,,
36,5,UVblock,F,5,5,4,,,
36,5,UVblock,F,6,6,2,dup,,
36,5,UVblock,F,7,7,5,,,
36,5,UVblock,F,8,9,3,dup,,
36,5,UVblock,B,1,1,1,dup,sterile,
36,5,UVblock,B,2,2,2,dup,,
36,5,UVblock,B,3,3,3,dup,sterile,
36,5,UVblock,B,4,4,3,dup,,
36,5,UVblock,B,5,5,4,,,
36,5,UVblock,B,6,6,2,dup,,
36,5,UVblock,B,7,7,3,,,
36,5,UVblock,B,8,9,3,dup,,
36,6,UVblock,F,1,2,3,dup,sterile,
36,6,UVblock,F,2,3,3,dup,,
36,6,UVblock,F,3,4,3,dup,,
36,6,UVblock,F,4,5,4,,,
36,6,UVblock,F,5,6,3,dup,,
36,6,UVblock,F,6,7,3,dup,sterile,
36,6,UVblock,F,7,8,4,,,
36,6,UVblock,F,8,10,3,dup,,
36,6,UVblock,B,1,2,2,dup,sterile,
36,6,UVblock,B,2,3,2,dup,,
36,6,UVblock,B,3,4,3,dup,,
36,6,UVblock,B,4,5,3,,,
36,6,UVblock,B,5,6,2,dup,,
36,6,UVblock,B,6,7,1,dup,sterile,
36,6,UVblock,B,7,8,4,,,
36,6,UVblock,B,8,10,2,dup,,
36,7,No Shelter,F,1,1,3,dup,sterile,
36,7,No Shelter,F,2,2,2,dup,,
36,7,No Shelter,F,3,3,4,dup,,
36,7,No Shelter,F,4,4,4,dup,,
36,7,No Shelter,F,5,5,3,dup,,
36,7,No Shelter,F,6,8,3,dup,sterile,
36,7,No Shelter,F,7,9,5,,,
36,7,No Shelter,F,8,10,5,,,
36,7,No Shelter,B,1,1,2,dup,sterile,
36,7,No Shelter,B,2,2,3,dup,,
36,7,No Shelter,B,3,3,3,dup,,
36,7,No Shelter,B,4,4,2,dup,,
36,7,No Shelter,B,5,5,3,dup,,
36,7,No Shelter,B,6,8,2,dup,sterile,
36,7,No Shelter,B,7,9,4,,,
36,7,No Shelter,B,8,10,3,,,
36,8,Shade,F,1,1,4,,,
36,8,Shade,F,2,2,3,dup,sterile,
36,8,Shade,F,3,3,2,dup,,
36,8,Shade,F,4,4,3,dup,,
36,8,Shade,F,5,6,4,dup,sterile,
36,8,Shade,F,6,7,4,,,
36,8,Shade,F,7,8,3,dup,,
36,8,Shade,F,8,10,3,dup,,
36,8,Shade,B,1,1,4,,,
36,8,Shade,B,2,2,3,dup,sterile,
36,8,Shade,B,3,3,1,dup,,
36,8,Shade,B,4,4,3,dup,,
36,8,Shade,B,5,6,2,dup,sterile,
36,8,Shade,B,6,7,3,,,
36,8,Shade,B,7,8,3,dup,,
36,8,Shade,B,8,10,3,dup,,
36,9,UVpass,F,1,1,2,dup,sterile,
36,9,UVpass,F,2,2,3,dup,,
36,9,UVpass,F,3,3,4,,,
36,9,UVpass,F,4,5,3,dup,,
36,9,UVpass,F,5,7,2,dup,,
36,9,UVpass,F,6,8,3,dup,,
36,9,UVpass,F,7,9,5,,,
36,9,UVpass,F,8,10,3,dup,sterile,
36,9,UVpass,B,1,1,3,dup,sterile,
36,9,UVpass,B,2,2,3,dup,,
36,9,UVpass,B,3,3,4,,,
36,9,UVpass,B,4,5,3,dup,,
36,9,UVpass,B,5,7,1,dup,,
36,9,UVpass,B,6,8,2,dup,,
36,9,UVpass,B,7,9,3,,,
36,9,UVpass,B,8,10,3,dup,sterile,
36,10,Shade,F,1,1,2,dup,sterile,
36,10,Shade,F,2,3,4,,,
36,10,Shade,F,3,4,2,dup,,
36,10,Shade,F,4,5,4,,,
36,10,Shade,F,5,6,3,dup,,
36,10,Shade,F,6,7,2,dup,,
36,10,Shade,F,7,9,3,dup,sterile,
36,10,Shade,F,8,10,3,dup,,
36,10,Shade,B,1,1,3,dup,sterile,
36,10,Shade,B,2,3,3,,,
36,10,Shade,B,3,4,3,dup,,
36,10,Shade,B,4,5,4,,,
36,10,Shade,B,5,6,3,dup,,
36,10,Shade,B,6,7,3,dup,,
36,10,Shade,B,7,9,3,dup,sterile,
36,10,Shade,B,8,10,3,dup,,
36,11,UVpass,F,1,1,3,dup,,
36,11,UVpass,F,2,2,3,dup,,
36,11,UVpass,F,3,3,3,dup,,
36,11,UVpass,F,4,4,3,dup,sterile,
36,11,UVpass,F,5,5,5,,,
36,11,UVpass,F,6,6,5,,,
36,11,UVpass,F,7,9,3,dup,,
36,11,UVpass,F,8,10,4,dup,sterile,
36,11,UVpass,B,1,1,2,dup,,
36,11,UVpass,B,2,2,3,dup,,
36,11,UVpass,B,3,3,2,dup,,
36,11,UVpass,B,4,4,3,dup,sterile,
36,11,UVpass,B,5,5,4,,,
36,11,UVpass,B,6,6,3,,,
36,11,UVpass,B,7,9,2,dup,,
36,11,UVpass,B,8,10,3,dup,sterile,
36,12,Shade,F,1,1,5,,,
36,12,Shade,F,2,3,3,dup,,
36,12,Shade,F,3,5,3,dup,,
36,12,Shade,F,4,6,4,,,
36,12,Shade,F,5,7,2,dup,sterile,
36,12,Shade,F,6,8,3,dup,,
36,12,Shade,F,7,9,2,dup,,
36,12,Shade,F,8,10,3,dup,sterile,
36,12,Shade,B,1,1,4,,,
36,12,Shade,B,2,3,3,dup,,
36,12,Shade,B,3,5,3,dup,,
36,12,Shade,B,4,6,3,,,
36,12,Shade,B,5,7,1,dup,sterile,
36,12,Shade,B,6,8,3,dup,,
36,12,Shade,B,7,9,2,dup,,
36,12,Shade,B,8,10,1,dup,sterile,
36,13,No Shelter,F,1,1,3,dup,,
36,13,No Shelter,F,2,2,3,dup,sterile,
36,13,No Shelter,F,3,3,3,dup,,
36,13,No Shelter,F,4,4,5,,,
36,13,No Shelter,F,5,6,3,dup,,
36,13,No Shelter,F,6,7,4,dup,,
36,13,No Shelter,F,7,8,4,dup,sterile,
36,13,No Shelter,F,8,10,4,,,
36,13,No Shelter,B,1,1,3,dup,,
36,13,No Shelter,B,2,2,2,dup,sterile,
36,13,No Shelter,B,3,3,3,dup,,
36,13,No Shelter,B,4,4,3,,,
36,13,No Shelter,B,5,6,3,dup,,
36,13,No Shelter,B,6,7,3,dup,,
36,13,No Shelter,B,7,8,3,dup,sterile,
36,13,No Shelter,B,8,10,3,,,
36,14,UVblock,F,1,1,3,dup,,
36,14,UVblock,F,2,2,3,dup,,
36,14,UVblock,F,3,3,3,dup,sterile,
36,14,UVblock,F,4,4,4,,,
36,14,UVblock,F,5,5,1,dup,,
36,14,UVblock,F,6,6,3,,,
36,14,UVblock,F,7,7,3,dup,sterile,
36,14,UVblock,F,8,8,3,dup,,
36,14,UVblock,B,1,1,2,dup,,
36,14,UVblock,B,2,2,3,dup,,
36,14,UVblock,B,3,3,3,dup,sterile,
36,14,UVblock,B,4,4,3,,,
36,14,UVblock,B,5,5,3,dup,,
36,14,UVblock,B,6,6,3,,,
36,14,UVblock,B,7,7,3,dup,sterile,
36,14,UVblock,B,8,8,2,dup,,
36,15,No Shelter,F,1,2,5,,,
36,15,No Shelter,F,2,3,4,dup,,
36,15,No Shelter,F,3,4,3,,,
36,15,No Shelter,F,4,5,4,dup,sterile,
36,15,No Shelter,F,5,6,3,dup,,
36,15,No Shelter,F,6,8,3,dup,,
36,15,No Shelter,F,7,9,3,dup,sterile,
36,15,No Shelter,F,8,10,3,dup,,
36,15,No Shelter,B,1,2,3,,,
36,15,No Shelter,B,2,3,4,dup,,
36,15,No Shelter,B,3,4,4,,,
36,15,No Shelter,B,4,5,2,dup,sterile,
36,15,No Shelter,B,5,6,4,dup,,
36,15,No Shelter,B,6,8,1,dup,,
36,15,No Shelter,B,7,9,3,dup,sterile,
36,15,No Shelter,B,8,10,3,dup,,
36,16,Shade,F,1,1,4,dup,sterile,
36,16,Shade,F,2,4,3,dup,sterile,
36,16,Shade,F,3,5,4,,,
36,16,Shade,F,4,6,3,dup,,
36,16,Shade,F,5,7,4,,,
36,16,Shade,F,6,8,3,dup,,
36,16,Shade,F,7,9,4,dup,,
36,16,Shade,F,8,10,3,dup,,
36,16,Shade,B,1,1,3,dup,sterile,
36,16,Shade,B,2,4,2,dup,sterile,
36,16,Shade,B,3,5,3,,,
36,16,Shade,B,4,6,2,dup,,
36,16,Shade,B,5,7,3,,,
36,16,Shade,B,6,8,1,dup,,
36,16,Shade,B,7,9,2,dup,,
36,16,Shade,B,8,10,2,dup,,
36,17,UVblock,F,1,1,3,dup,,
36,17,UVblock,F,2,2,3,dup,,
36,17,UVblock,F,3,4,3,dup,sterile,
36,17,UVblock,F,4,6,4,,,
36,17,UVblock,F,5,7,3,dup,sterile,
36,17,UVblock,F,6,8,3,dup,,
36,17,UVblock,F,7,9,2,dup,,
36,17,UVblock,F,8,10,4,,,
36,17,UVblock,B,1,1,3,dup,,
36,17,UVblock,B,2,2,3,dup,,
36,17,UVblock,B,3,4,2,dup,sterile,
36,17,UVblock,B,4,6,3,,,
36,17,UVblock,B,5,7,2,dup,sterile,
36,17,UVblock,B,6,8,2,dup,,
36,17,UVblock,B,7,9,1,dup,,
36,17,UVblock,B,8,10,4,,,
36,18,UVpass,F,1,1,4,,,
36,18,UVpass,F,2,2,2,dup,,
36,18,UVpass,F,3,3,3,dup,,
36,18,UVpass,F,4,5,3,dup,,
36,18,UVpass,F,5,6,3,dup,sterile,
36,18,UVpass,F,6,8,3,dup,,
36,18,UVpass,F,7,9,3,dup,sterile,
36,18,UVpass,F,8,10,4,,,
36,18,UVpass,B,1,1,3,,,
36,18,UVpass,B,2,2,2,dup,,
36,18,UVpass,B,3,3,2,dup,,
36,18,UVpass,B,4,5,2,dup,,
36,18,UVpass,B,5,6,1,dup,sterile,
36,18,UVpass,B,6,8,3,dup,,
36,18,UVpass,B,7,9,2,dup,sterile,
36,18,UVpass,B,8,10,3,,,
36,19,No Shelter,F,1,1,3,,,
36,19,No Shelter,F,2,3,3,dup,sterile,
36,19,No Shelter,F,3,4,3,,,
36,19,No Shelter,F,4,5,3,dup,sterile,
36,19,No Shelter,F,5,7,3,dup,,
36,19,No Shelter,F,6,8,3,dup,,
36,19,No Shelter,F,7,9,4,dup,,
36,19,No Shelter,F,8,10,4,dup,,
36,19,No Shelter,B,1,1,5,,,
36,19,No Shelter,B,2,3,3,dup,sterile,
36,19,No Shelter,B,3,4,3,,,
36,19,No Shelter,B,4,5,2,dup,sterile,
36,19,No Shelter,B,5,7,3,dup,,
36,19,No Shelter,B,6,8,3,dup,,
36,19,No Shelter,B,7,9,2,dup,,
36,19,No Shelter,B,8,10,2,dup,,
36,20,UVpass,F,1,1,3,dup,,
36,20,UVpass,F,2,2,5,,,
36,20,UVpass,F,3,3,3,dup,sterile,
36,20,UVpass,F,4,5,4,dup,sterile,
36,20,UVpass,F,5,7,3,dup,,
36,20,UVpass,F,6,8,5,,,
36,20,UVpass,F,7,9,3,dup,,
36,20,UVpass,F,8,10,2,dup,,
36,20,UVpass,B,1,1,2,dup,,
36,20,UVpass,B,2,2,3,,,
36,20,UVpass,B,3,3,1,dup,sterile,
36,20,UVpass,B,4,5,3,dup,sterile,
36,20,UVpass,B,5,7,2,dup,,
36,20,UVpass,B,6,8,3,,,
36,20,UVpass,B,7,9,2,dup,,
36,20,UVpass,B,8,10,2,dup,,
36,21,Shade,F,1,1,3,dup,,
36,21,Shade,F,2,2,3,dup,sterile,
36,21,Shade,F,3,3,4,,,
36,21,Shade,F,4,4,3,dup,sterile,
36,21,Shade,F,5,5,3,dup,,
36,21,Shade,F,6,6,3,dup,,
36,21,Shade,F,7,7,3,dup,,
36,21,Shade,F,8,10,4,,,
36,21,Shade,B,1,1,2,dup,,
36,21,Shade,B,2,2,3,dup,sterile,
36,21,Shade,B,3,3,3,,,
36,21,Shade,B,4,4,3,dup,sterile,
36,21,Shade,B,5,5,1,dup,,
36,21,Shade,B,6,6,2,dup,,
36,21,Shade,B,7,7,2,dup,,
36,21,Shade,B,8,10,3,,,
36,22,No Shelter,F,1,1,4,dup,,
36,22,No Shelter,F,2,2,4,dup,sterile,
36,22,No Shelter,F,3,5,4,,,
36,22,No Shelter,F,4,6,5,,,
36,22,No Shelter,F,5,7,3,dup,,
36,22,No Shelter,F,6,8,3,dup,sterile,
36,22,No Shelter,F,7,9,4,dup,,
36,22,No Shelter,F,8,10,4,dup,,
36,22,No Shelter,B,1,1,2,dup,,
36,22,No Shelter,B,2,2,2,dup,sterile,
36,22,No Shelter,B,3,5,3,,,
36,22,No Shelter,B,4,6,4,,,
36,22,No Shelter,B,5,7,3,dup,,
36,22,No Shelter,B,6,8,2,dup,sterile,
36,22,No Shelter,B,7,9,3,dup,,
36,22,No Shelter,B,8,10,3,dup,,
36,23,UVpass,F,1,1,3,dup,,
36,23,UVpass,F,2,3,4,,,
36,23,UVpass,F,3,4,3,dup,,
36,23,UVpass,F,4,5,3,dup,,
36,23,UVpass,F,5,6,2,dup,,
36,23,UVpass,F,6,7,3,dup,sterile,
36,23,UVpass,F,7,8,4,dup,sterile,
36,23,UVpass,F,8,9,4,,,
36,23,UVpass,B,1,1,3,dup,,
36,23,UVpass,B,2,3,4,,,
36,23,UVpass,B,3,4,3,dup,,
36,23,UVpass,B,4,5,3,dup,,still pretty yellow but with large cracks
36,23,UVpass,B,5,6,3,dup,,
36,23,UVpass,B,6,7,1,dup,sterile,
36,23,UVpass,B,7,8,2,dup,sterile,
36,23,UVpass,B,8,9,3,,,
36,24,UVblock,F,1,2,3,dup,,
36,24,UVblock,F,2,4,3,dup,,
36,24,UVblock,F,3,5,3,dup,,
36,24,UVblock,F,4,6,3,dup,sterile,
36,24,UVblock,F,5,7,3,dup,,
36,24,UVblock,F,6,8,4,,,
36,24,UVblock,F,7,9,3,dup,sterile,
36,24,UVblock,F,8,10,4,,,
36,24,UVblock,B,1,2,3,dup,,
36,24,UVblock,B,2,4,1,dup,,
36,24,UVblock,B,3,5,2,dup,,
36,24,UVblock,B,4,6,3,dup,sterile,
36,24,UVblock,B,5,7,3,dup,,
36,24,UVblock,B,6,8,3,,,
36,24,UVblock,B,7,9,3,dup,sterile,
36,24,UVblock,B,8,10,3,,,